prov_ubi;cant_ubi;parr_ubi;area_ubi;clase;tipo;entidad;sector;dotmedic;dismedic;dotcirug;discirug;dotginob;disginob;dotped;disped;dotneon;disneon;dotcardi;discardi;dotneumo;disneumo;dotpsiqu;dispsiqu;dottraum;distraum;dotinfec;disinfec;dotofta;disofta;dotootorri;disootorri;doturolo;disurolo;dotgast;disgast;dotquem;disquem;dotneuro;disneuro;dotnefro;disnefro;dotonco;disonco;dothema;dishema;dototrse;disotrse;dotserin;disserin;camas_dnor;camas_disp;dotemerg;dotcinteadult;dotcintepediatri;dotcinteneonat;dotcintrm;dotcrecup;dototrapo;dia_estad;dias_cdis;totegres;falmen48;falmas48
23;2301;230103;1;1;5;18;2;0;0;0;0;4;4;0;0;2;2;0;0;0;0;0;0;0;0;0;0;0;0;0;0;0;0;0;0;0;0;0;0;0;0;0;0;0;0;0;0;0;0;6;6;0;0;0;0;0;0;0;502;2196;501;0;0
23;2301;230102;1;32;1;17;3;0;0;0;0;0;0;0;0;0;0;0;0;0;0;0;0;0;0;0;0;0;0;0;0;0;0;0;0;0;0;0;0;0;0;0;0;0;0;0;0;6;6;6;6;3;1;0;0;0;0;2;22;2196;18;0;0
17;1701;170127;1;2;1;18;2;0;0;0;0;0;0;0;0;0;0;0;0;0;0;0;0;0;0;0;0;0;0;0;0;0;0;0;0;0;0;0;0;0;0;0;0;0;0;0;0;17;17;17;17;0;7;8;4;0;0;0;4902;6222;1639;8;22
12;1201;120102;1;32;1;18;2;0;0;0;0;0;0;0;0;0;0;0;0;0;0;0;0;0;0;0;0;0;0;0;0;0;0;0;0;0;0;0;0;0;0;0;0;0;0;0;0;8;8;8;8;2;0;0;0;0;0;0;329;2928;213;0;0
09;0906;090603;1;12;3;17;3;0;0;0;0;0;0;0;0;0;0;0;0;0;0;0;0;1;1;0;0;7;7;0;0;0;0;0;0;0;0;0;0;0;0;0;0;0;0;1;1;0;0;9;9;0;0;0;0;0;0;0;183;3294;160;0;0
24;2402;240250;1;32;1;18;2;0;0;1;1;0;0;0;0;5;5;0;0;0;0;0;0;0;0;0;0;0;0;0;0;0;0;0;0;0;0;0;0;0;0;0;0;0;0;0;0;0;0;6;6;0;0;0;0;0;0;1;403;2202;217;0;2
01;0101;010107;1;6;2;17;3;0;0;0;0;0;0;0;0;0;0;0;0;0;0;28;28;0;0;0;0;0;0;0;0;0;0;0;0;0;0;0;0;0;0;0;0;0;0;46;47;0;0;74;75;5;0;0;0;0;0;2;21394;27450;376;0;1
24;2402;240250;1;32;5;1;1;0;0;0;0;5;1;0;0;0;0;0;0;0;0;0;0;0;0;0;0;0;0;0;0;0;0;0;0;0;0;0;0;0;0;0;0;0;0;0;0;0;0;5;1;0;0;0;0;0;0;0;91;728;70;0;0
22;2201;220150;1;12;3;18;2;5;5;2;2;4;4;2;2;2;2;0;0;0;0;0;0;0;0;0;0;0;0;0;0;0;0;0;0;0;0;0;0;0;0;0;0;0;0;0;0;0;0;15;15;0;0;0;0;0;0;0;579;5490;306;1;1
21;2101;210150;1;12;3;18;2;0;0;2;2;2;2;0;0;0;0;0;0;0;0;0;0;1;1;0;0;0;0;0;0;0;0;0;0;0;0;0;0;0;0;0;0;0;0;0;0;3;3;8;8;5;0;0;0;0;1;1;752;2928;537;0;0
01;0101;010111;1;12;3;18;2;0;0;0;0;0;0;0;0;0;0;0;0;0;0;0;0;0;0;0;0;0;0;0;0;0;0;0;0;0;0;0;0;0;0;0;0;0;0;0;0;13;13;13;13;1;0;0;0;0;0;0;749;4758;473;4;2
13;1308;130802;1;12;3;18;2;1;1;2;2;5;5;2;2;0;0;0;0;0;0;1;1;0;0;0;0;0;0;0;0;1;1;1;1;0;0;0;0;0;0;0;0;0;0;0;0;0;0;13;13;0;0;0;0;0;0;0;1057;4758;870;0;0
17;1701;170112;1;17;2;17;3;0;0;0;0;0;0;0;0;0;0;0;0;0;0;0;0;0;0;0;0;0;0;0;0;0;0;0;0;0;0;0;0;0;0;0;0;0;0;0;0;51;51;51;51;0;0;0;0;0;0;0;23350;18667;36;2;28
11;1101;110102;1;1;5;18;2;0;0;0;0;5;5;0;0;2;2;0;0;0;0;0;0;0;0;0;0;0;0;0;0;0;0;0;0;0;0;0;0;0;0;0;0;0;0;0;0;11;11;18;18;2;0;0;0;0;1;0;1180;6588;697;1;2
09;0901;090112;1;1;5;18;2;0;0;0;0;0;0;0;0;0;0;0;0;0;0;0;0;0;0;0;0;0;0;0;0;0;0;0;0;0;0;0;0;0;0;0;0;0;0;0;0;30;30;30;30;6;0;0;0;0;4;0;1083;10980;323;2;1
09;0901;090102;1;32;1;18;2;0;0;0;0;0;0;0;0;0;0;0;0;0;0;0;0;0;0;0;0;0;0;0;0;0;0;0;0;0;0;0;0;0;0;0;0;0;0;0;0;12;12;12;12;0;0;0;0;0;0;1;816;4392;771;3;0
17;1701;170101;1;12;3;18;2;0;0;0;0;0;0;0;0;0;0;0;0;0;0;0;0;0;0;0;0;0;0;0;0;0;0;0;0;0;0;0;0;0;0;0;0;0;0;0;0;12;12;12;12;0;0;0;0;0;0;0;1080;4392;378;1;3
13;1301;130106;1;1;5;18;2;1;1;7;7;1;1;7;7;1;1;0;0;0;0;0;0;0;0;0;0;0;0;0;0;0;0;0;0;0;0;0;0;0;0;0;0;0;0;0;0;0;0;17;17;3;0;0;0;0;2;1;163;6222;157;0;0
09;0920;092056;2;1;5;18;2;18;18;0;0;0;0;3;3;0;0;0;0;0;0;0;0;0;0;0;0;0;0;0;0;0;0;0;0;0;0;0;0;0;0;0;0;0;0;0;0;0;0;21;21;1;0;0;0;0;0;0;1969;7686;1087;0;0
09;0901;090102;1;1;5;18;2;8;8;4;4;4;4;1;1;1;1;0;0;0;0;0;0;0;0;0;0;0;0;0;0;0;0;0;0;0;0;0;0;0;0;0;0;0;0;0;0;0;0;18;18;0;0;0;0;0;0;1;2406;6588;2396;1;0
17;1701;170109;1;12;3;18;2;0;0;0;0;0;0;0;0;0;0;0;0;0;0;0;0;0;0;0;0;0;0;0;0;0;0;0;0;0;0;0;0;0;0;0;0;0;0;0;0;9;5;9;5;0;0;0;0;0;0;0;24;1917;14;0;0
09;0908;090850;1;32;1;18;2;0;0;0;0;0;0;0;0;0;0;0;0;0;0;0;0;0;0;0;0;0;0;0;0;0;0;0;0;0;0;0;0;0;0;0;0;0;0;0;0;13;13;13;13;0;0;0;0;0;0;0;39;4758;39;0;0
23;2301;230105;1;32;1;18;2;0;0;0;0;0;0;0;0;2;2;0;0;0;0;0;0;0;0;0;0;0;0;0;0;0;0;0;0;0;0;0;0;0;0;0;0;0;0;0;0;6;6;8;8;0;0;0;0;0;0;0;185;2920;109;0;0
08;0801;080102;1;12;3;18;2;2;2;2;2;3;3;0;0;4;4;0;0;0;0;0;0;0;0;0;0;0;0;0;0;0;0;0;0;0;0;0;0;0;0;0;0;0;0;0;0;0;0;11;11;4;0;0;0;1;0;2;210;4026;168;0;0
06;0601;060102;1;12;3;18;2;1;1;1;1;1;1;0;0;1;1;0;0;0;0;0;0;2;2;0;0;0;0;0;0;1;1;0;0;0;0;1;1;0;0;0;0;0;0;0;0;0;0;8;8;1;0;0;0;0;0;0;543;2928;223;1;1
05;0505;050550;1;12;3;18;2;0;0;0;0;0;0;0;0;0;0;0;0;0;0;0;0;0;0;0;0;0;0;0;0;0;0;0;0;0;0;0;0;0;0;0;0;0;0;0;0;7;7;7;7;0;0;0;0;0;0;0;586;2562;394;0;0
17;1701;170106;1;12;3;18;2;0;0;0;0;0;0;0;0;0;0;0;0;0;0;0;0;0;0;0;0;0;0;0;0;0;0;0;0;0;0;0;0;0;0;0;0;0;0;0;0;12;12;12;12;3;1;0;0;1;2;0;2041;4392;853;0;2
17;1701;170156;2;12;3;18;2;0;0;0;0;0;0;0;0;0;0;0;0;0;0;0;0;0;0;0;0;0;0;0;0;0;0;0;0;0;0;0;0;0;0;0;0;0;0;0;0;10;10;10;10;3;0;0;0;0;0;1;905;3660;498;6;9
17;1701;170113;1;12;3;18;2;9;9;0;0;0;0;0;0;0;0;0;0;0;0;0;0;0;0;0;0;0;0;0;0;0;0;0;0;0;0;0;0;0;0;0;0;0;0;0;0;0;0;9;9;0;0;0;0;0;0;0;637;3213;338;1;7
17;1701;170112;1;12;3;18;2;13;4;0;0;0;0;0;0;6;2;0;0;0;0;0;0;0;0;0;0;0;0;0;0;0;0;0;0;0;0;0;0;0;0;0;0;0;0;0;0;0;0;19;6;0;0;0;0;0;0;0;316;2280;143;0;0
08;0801;080101;1;12;3;18;2;0;0;0;0;0;0;0;0;0;0;0;0;0;0;0;0;0;0;0;0;0;0;0;0;0;0;0;0;0;0;0;0;0;0;0;0;0;0;0;0;9;9;9;9;0;0;0;0;0;0;0;104;3294;104;0;0
17;1705;170550;1;12;3;18;2;0;0;0;0;0;0;0;0;0;0;0;0;0;0;0;0;0;0;0;0;0;0;0;0;0;0;0;0;0;0;0;0;0;0;0;0;0;0;0;0;14;14;14;14;0;3;0;0;5;2;0;2858;5124;1418;3;13
17;1701;170184;2;12;3;18;2;11;11;0;0;0;0;0;0;1;1;0;0;0;0;0;0;0;0;0;0;0;0;0;0;0;0;0;0;0;0;0;0;0;0;0;0;0;0;0;0;0;0;12;12;0;0;0;0;0;0;0;2307;4392;848;2;3
17;1701;170115;1;12;3;18;2;0;0;0;0;0;0;0;0;0;0;0;0;0;0;0;0;0;0;0;0;0;0;0;0;0;0;0;0;0;0;0;0;0;0;0;0;0;0;0;0;7;7;7;7;0;0;0;0;0;0;0;145;2562;55;0;0
01;0101;010110;1;15;1;18;2;0;0;0;0;0;0;0;0;0;0;0;0;0;0;0;0;8;8;0;0;0;0;0;0;0;0;0;0;0;0;0;0;0;0;0;0;0;0;0;0;0;0;8;8;0;0;0;0;0;0;0;267;2928;54;0;0
17;1701;170114;1;12;3;18;2;0;0;0;0;0;0;0;0;4;4;0;0;0;0;0;0;0;0;0;0;0;0;0;0;0;0;0;0;0;0;0;0;0;0;0;0;0;0;0;0;20;20;24;24;0;0;0;0;0;0;0;4379;8784;3301;1;0
17;1701;170127;1;12;3;18;2;0;0;0;0;0;0;0;0;4;4;0;0;0;0;0;0;0;0;0;0;0;0;0;0;0;0;0;0;0;0;0;0;0;0;0;0;0;0;0;0;6;6;10;10;0;0;0;0;0;2;0;673;3390;562;1;1
13;1308;130802;1;2;1;18;2;0;0;0;0;0;0;0;0;0;0;0;0;0;0;0;0;0;0;0;0;0;0;0;0;0;0;0;0;0;0;0;0;0;0;0;0;0;0;0;0;45;45;45;45;11;20;0;35;5;7;0;9069;16470;2113;13;62
11;1101;110103;1;12;3;18;2;0;0;0;0;0;0;0;0;0;0;0;0;0;0;0;0;0;0;0;0;0;0;0;0;0;0;0;0;0;0;0;0;0;0;0;0;0;0;0;0;6;6;6;6;0;0;0;0;0;0;0;5;2196;5;0;0
01;0101;010112;1;17;1;18;2;0;0;0;0;0;0;0;0;0;0;0;0;0;0;0;0;0;0;0;0;0;0;0;0;4;4;0;0;0;0;0;0;0;0;0;0;0;0;0;0;0;0;4;4;0;0;0;0;0;2;0;149;1464;118;0;0
17;1701;170112;1;12;3;18;2;0;0;2;2;0;0;0;0;0;0;0;0;0;0;0;0;0;0;0;0;0;0;0;0;0;0;0;0;0;0;0;0;0;0;0;0;0;0;0;0;0;0;2;2;0;0;0;0;0;0;0;15;732;10;0;0
09;0901;090112;1;32;1;18;2;0;0;0;0;0;0;0;0;0;0;0;0;0;0;0;0;0;0;0;0;0;0;0;0;0;0;0;0;0;0;0;0;0;0;0;0;0;0;0;0;7;7;7;7;0;0;0;0;0;0;0;244;2562;239;0;0
17;1701;170180;2;12;3;18;2;0;0;3;3;0;0;0;0;2;2;0;0;0;0;0;0;0;0;0;0;0;0;0;0;0;0;0;0;0;0;0;0;0;0;0;0;0;0;7;7;0;0;12;12;3;0;0;0;0;0;0;199;4392;117;0;0
13;1314;131401;1;1;5;18;2;0;0;0;0;4;4;1;1;0;0;0;0;0;0;0;0;0;0;0;0;0;0;0;0;0;0;0;0;0;0;0;0;0;0;0;0;0;0;0;0;0;0;5;5;0;0;0;0;0;0;0;129;1825;75;0;0
17;1701;170114;1;12;3;18;2;0;0;0;0;0;0;0;0;1;1;0;0;0;0;0;0;0;0;0;0;0;0;0;0;0;0;0;0;0;0;0;0;0;0;0;0;0;0;0;0;7;7;8;8;0;0;0;0;0;0;0;68;2593;56;0;0
17;1705;170501;1;12;3;18;2;0;0;0;0;0;0;0;0;0;0;0;0;0;0;0;0;0;0;0;0;0;0;0;0;0;0;0;0;0;0;0;0;0;0;0;0;0;0;0;0;9;9;9;9;0;3;0;2;1;2;0;1423;3294;395;0;5
01;0101;010112;1;12;3;18;2;0;0;0;0;0;0;0;0;0;0;0;0;0;0;0;0;0;0;0;0;0;0;0;0;0;0;0;0;0;0;0;0;0;0;0;0;0;0;0;0;9;9;9;9;0;0;0;0;0;0;0;68;3294;67;0;0
01;0101;010114;1;12;3;18;2;8;8;2;2;0;0;0;0;0;0;0;0;0;0;0;0;0;0;0;0;0;0;0;0;0;0;0;0;0;0;0;0;0;0;0;0;0;0;0;0;0;0;10;10;0;0;0;0;0;0;0;479;3660;249;1;3
07;0701;070102;1;12;3;18;2;0;0;0;0;0;0;0;0;0;0;0;0;0;0;0;0;0;0;0;0;0;0;0;0;0;0;0;0;0;0;0;0;0;0;0;0;0;0;0;0;9;9;9;9;0;0;0;0;0;0;0;190;3294;190;14;0
09;0901;090103;1;11;1;18;2;0;0;0;0;0;0;0;0;0;0;0;0;0;0;0;0;0;0;0;0;0;0;0;0;0;0;0;0;0;0;0;0;0;0;0;0;0;0;0;0;51;51;51;51;23;15;0;0;59;0;0;24043;18666;2776;68;236
07;0706;070650;1;1;5;18;2;0;0;1;1;4;4;4;4;16;16;0;0;0;0;0;0;0;0;0;0;0;0;0;0;0;0;0;0;0;0;0;0;0;0;0;0;0;0;0;0;0;0;25;25;2;0;0;0;0;2;1;5275;9150;976;7;18
10;1001;100103;1;12;3;18;2;0;0;0;0;0;0;0;0;0;0;0;0;0;0;0;0;0;0;0;0;0;0;0;0;0;0;0;0;0;0;0;0;0;0;0;0;0;0;0;0;16;16;16;16;1;1;1;1;1;2;1;1870;5856;1160;1;2
17;1701;170114;1;12;3;18;2;0;0;0;0;0;0;0;0;4;4;0;0;0;0;0;0;0;0;0;0;0;0;0;0;0;0;0;0;0;0;0;0;0;0;0;0;0;0;0;0;20;20;24;24;1;0;0;0;0;0;0;4334;8784;2140;0;1
09;0906;090601;1;32;1;18;2;0;0;0;0;0;0;0;0;0;0;0;0;0;0;0;0;0;0;0;0;0;0;0;0;0;0;0;0;0;0;0;0;0;0;0;0;0;0;0;0;10;10;10;10;0;0;0;0;0;0;0;368;3660;328;0;1
13;1308;130801;1;12;3;18;2;0;0;0;0;0;0;0;0;0;0;0;0;0;0;0;0;0;0;0;0;0;0;0;0;0;0;0;0;0;0;0;0;0;0;0;0;0;0;0;0;8;8;8;8;0;0;0;0;0;0;0;153;2928;152;0;0
09;0901;090112;1;1;5;18;2;0;0;0;0;0;0;0;0;0;0;0;0;0;0;0;0;0;0;0;0;0;0;0;0;0;0;0;0;0;0;0;0;0;0;0;0;0;0;0;0;8;8;8;8;0;0;0;0;0;0;0;510;2928;276;0;0
01;0101;010110;1;1;5;18;2;0;0;0;0;0;0;0;0;0;0;0;0;0;0;0;0;0;0;0;0;0;0;0;0;0;0;0;0;0;0;0;0;0;0;0;0;0;0;0;0;19;19;19;19;3;0;0;0;2;0;0;1459;6954;1167;0;1
23;2301;230102;1;32;1;18;2;0;0;0;0;0;0;0;0;0;0;0;0;0;0;0;0;0;0;0;0;0;0;0;0;0;0;0;0;0;0;0;0;0;0;0;0;0;0;0;0;12;12;12;12;0;0;0;0;0;0;0;269;4392;227;1;0
07;0701;070102;1;1;5;18;2;0;0;0;0;0;0;0;0;2;2;0;0;0;0;0;0;0;0;0;0;0;0;0;0;0;0;0;0;0;0;0;0;0;0;0;0;0;0;0;0;10;10;12;12;0;0;0;0;0;0;0;293;4392;102;0;3
09;0901;090112;1;1;5;18;2;0;0;0;0;0;0;0;0;0;0;0;0;0;0;0;0;0;0;0;0;0;0;0;0;0;0;0;0;0;0;0;0;0;0;0;0;0;0;0;0;8;8;8;8;2;2;0;0;0;0;0;81;2920;71;0;0
24;2403;240352;2;1;5;18;2;0;0;0;0;0;0;0;0;0;0;0;0;0;0;0;0;0;0;0;0;0;0;0;0;0;0;0;0;0;0;0;0;0;0;0;0;0;0;0;0;9;9;9;9;0;0;0;0;0;0;0;327;3294;152;0;0
14;1406;140650;1;12;3;18;2;11;11;1;1;4;4;0;0;1;1;0;0;0;0;0;0;0;0;0;0;0;0;0;0;0;0;0;0;0;0;0;0;0;0;0;0;0;0;0;0;0;0;17;17;0;0;0;0;0;1;0;557;6222;315;0;1
10;1001;100104;1;12;3;18;2;0;0;0;0;0;0;0;0;0;0;0;0;0;0;0;0;0;0;0;0;0;0;0;0;0;0;0;0;0;0;0;0;0;0;0;0;0;0;0;0;9;9;9;9;0;0;0;0;0;1;0;308;3263;234;1;0
17;1701;170113;1;12;3;18;2;0;0;0;0;10;10;0;0;9;9;0;0;0;0;0;0;0;0;0;0;0;0;0;0;0;0;0;0;0;0;0;0;0;0;0;0;0;0;0;0;0;0;19;19;2;0;0;0;0;0;0;414;6954;224;0;0
07;0701;070102;1;1;5;18;2;20;20;0;0;0;0;2;2;0;0;0;0;0;0;0;0;0;0;0;0;0;0;0;0;0;0;0;0;0;0;0;0;0;0;0;0;0;0;0;0;0;0;22;22;0;0;0;0;0;0;0;1254;8052;1073;3;1
09;0910;091050;1;32;1;18;2;0;0;0;0;0;0;0;0;0;0;0;0;0;0;0;0;0;0;0;0;0;0;0;0;0;0;0;0;0;0;0;0;0;0;0;0;0;0;0;0;10;10;10;10;2;0;0;0;0;0;0;19;3660;17;0;0
10;1001;100104;1;12;3;18;2;0;0;0;0;0;0;0;0;0;0;0;0;0;0;0;0;0;0;0;0;0;0;0;0;0;0;0;0;0;0;0;0;0;0;0;0;0;0;0;0;4;4;4;4;0;0;0;0;0;0;0;30;1526;30;0;0
17;1701;170109;1;12;3;18;2;0;0;0;0;0;0;0;0;1;1;0;0;0;0;0;0;0;0;0;0;0;0;0;0;0;0;0;0;0;0;0;0;0;0;0;0;0;0;0;0;5;5;6;6;0;0;0;0;0;1;0;52;2196;35;0;0
11;1101;110103;1;1;5;18;2;0;0;0;0;0;0;0;0;0;0;0;0;0;0;0;0;0;0;0;0;0;0;0;0;0;0;0;0;0;0;0;0;0;0;0;0;0;0;0;0;19;19;19;19;4;3;0;0;0;3;0;2285;6954;1106;6;5
10;1001;100103;1;12;3;18;2;0;0;0;0;0;0;0;0;0;0;0;0;0;0;0;0;0;0;0;0;0;0;0;0;0;0;0;0;0;0;0;0;0;0;0;0;0;0;0;0;18;18;18;18;2;2;0;1;0;2;0;1324;6804;782;1;6
24;2402;240250;1;32;1;18;2;0;0;0;0;0;0;0;0;0;0;0;0;0;0;0;0;0;0;0;0;0;0;0;0;0;0;0;0;0;0;0;0;0;0;0;0;0;0;0;0;9;9;9;9;1;1;0;0;0;0;9;668;3258;650;0;0
09;0901;090112;1;1;5;18;2;0;0;0;0;0;0;0;0;0;0;0;0;0;0;0;0;0;0;0;0;0;0;0;0;0;0;0;0;0;0;0;0;0;0;0;0;0;0;0;0;10;12;10;12;0;0;0;0;0;0;0;2467;4210;1803;0;2
11;1101;110101;1;2;1;18;2;2;2;3;3;0;0;3;3;4;4;0;0;0;0;0;0;1;1;0;0;0;0;1;1;1;1;0;0;0;0;0;0;0;0;0;0;0;0;0;0;0;0;15;15;3;3;0;0;1;0;0;191;5490;153;1;0
17;1701;170123;1;12;3;18;2;0;0;0;0;0;0;0;0;6;6;0;0;0;0;0;0;0;0;0;0;0;0;0;0;0;0;0;0;0;0;0;0;0;0;0;0;0;0;0;0;19;19;25;25;1;0;0;1;1;2;0;1292;6111;790;0;1
09;0910;091050;1;1;5;18;2;4;4;3;3;3;3;0;0;6;6;0;0;0;0;0;0;0;0;0;0;0;0;0;0;0;0;0;0;0;0;0;0;0;0;0;0;0;0;0;0;0;0;16;16;0;0;0;0;0;0;0;1089;5856;1024;0;0
07;0710;071001;1;1;5;18;2;0;0;0;0;0;0;0;0;3;3;0;0;0;0;0;0;0;0;0;0;0;0;0;0;0;0;0;0;0;0;0;0;0;0;0;0;0;0;0;0;8;8;11;11;0;0;0;0;0;0;0;810;4026;606;0;2
17;1701;170106;1;12;3;18;2;0;0;0;0;0;0;0;0;0;0;0;0;0;0;0;0;0;0;0;0;0;0;0;0;0;0;0;0;0;0;0;0;0;0;0;0;0;0;4;4;0;0;4;4;2;0;0;0;0;2;0;506;1464;344;0;1
09;0901;090103;1;11;1;18;2;0;0;0;0;4;4;0;0;0;0;0;0;0;0;0;0;0;0;0;0;0;0;0;0;0;0;0;0;0;0;0;0;0;0;0;0;0;0;0;0;33;33;37;37;4;7;0;0;5;0;4;7546;13499;2501;24;68
17;1701;170112;1;12;3;17;3;0;0;0;0;0;0;0;0;0;0;0;0;0;0;0;0;0;0;0;0;0;0;0;0;0;0;0;0;0;0;0;0;0;0;0;0;0;0;0;0;53;53;53;53;4;6;0;0;0;6;0;9536;19398;3444;17;66
01;0101;010107;1;1;5;18;2;3;3;3;3;2;2;1;1;0;0;0;0;0;0;0;0;3;3;2;2;0;0;2;2;1;1;0;0;0;0;0;0;0;0;0;0;0;0;0;0;0;0;17;17;0;0;0;0;0;0;0;1706;6222;1022;2;3
05;0501;050103;1;12;3;18;2;0;0;0;0;0;0;0;0;9;9;0;0;0;0;0;0;0;0;0;0;0;0;0;0;0;0;0;0;0;0;0;0;0;0;0;0;0;0;0;0;9;9;18;18;0;0;0;0;0;0;0;1497;6570;845;0;0
01;0101;010112;1;1;5;18;2;0;0;9;9;2;2;0;0;0;0;0;0;0;0;0;0;0;0;0;0;0;0;0;0;0;0;0;0;0;0;0;0;0;0;0;0;0;0;0;0;0;0;11;11;5;0;0;0;0;0;0;1271;4026;1053;3;3
07;0710;071001;1;2;1;18;2;2;3;2;3;1;2;2;2;6;10;0;0;0;0;0;0;1;1;1;1;0;0;0;0;1;0;1;0;0;0;0;0;0;0;0;0;0;0;0;0;0;0;17;22;2;2;1;1;1;0;0;9403;7998;1825;43;72
05;0501;050104;1;12;3;18;2;10;10;0;0;0;0;0;0;0;0;0;0;0;0;0;0;0;0;0;0;0;0;0;0;0;0;0;0;0;0;0;0;0;0;0;0;0;0;0;0;0;0;10;10;0;0;0;0;0;0;0;624;3660;329;1;3
09;0901;090113;1;1;5;18;2;0;0;0;0;0;0;0;0;0;0;0;0;0;0;0;0;0;0;0;0;0;0;0;0;0;0;0;0;0;0;0;0;0;0;0;0;0;0;0;0;25;25;25;25;4;0;0;0;0;2;1;2801;9150;2116;0;0
09;0921;092150;1;1;5;18;2;0;0;0;0;0;0;0;0;0;0;0;0;0;0;0;0;0;0;0;0;0;0;0;0;0;0;0;0;0;0;0;0;0;0;0;0;0;0;0;0;15;15;15;15;0;0;0;0;0;0;0;188;5490;85;0;0
11;1101;110103;1;12;3;18;2;0;0;0;0;0;0;0;0;0;0;0;0;0;0;0;0;0;0;0;0;0;0;0;0;0;0;0;0;0;0;0;0;0;0;0;0;0;0;0;0;5;5;5;5;0;0;0;0;0;0;0;48;1830;25;0;0
03;0301;030150;1;1;5;18;2;0;0;0;0;0;0;0;0;1;1;0;0;0;0;0;0;0;0;0;0;0;0;0;0;0;0;0;0;0;0;0;0;0;0;0;0;0;0;0;0;10;10;11;11;2;0;0;0;0;0;0;1198;4026;669;7;5
13;1308;130804;1;1;5;18;2;0;0;0;0;0;0;0;0;0;0;0;0;0;0;0;0;0;0;0;0;0;0;0;0;0;0;0;0;0;0;0;0;0;0;0;0;0;0;0;0;8;8;8;8;0;0;0;0;0;0;0;926;2920;903;0;0
01;0101;010107;1;2;1;18;2;0;0;0;0;0;0;0;0;4;4;0;0;0;0;0;0;0;0;0;0;0;0;0;0;0;0;0;0;0;0;0;0;0;0;0;0;0;0;0;0;32;32;36;36;9;5;0;4;0;3;0;3719;13176;1446;7;4
17;1701;170130;1;12;3;18;2;0;0;0;0;0;0;0;0;16;16;0;0;0;0;0;0;0;0;2;2;0;0;0;0;0;0;0;0;0;0;0;0;0;0;0;0;0;0;2;2;15;16;35;36;0;2;0;4;0;0;0;7953;13176;1757;2;20
09;0910;091050;1;32;1;18;2;4;4;1;1;0;0;0;0;0;0;0;0;0;0;0;0;0;0;0;0;0;0;0;0;2;2;0;0;0;0;0;0;0;0;0;0;0;0;0;0;0;0;7;7;0;0;0;0;0;0;0;92;2562;92;0;0
17;1701;170117;1;12;3;18;2;0;0;0;0;0;0;0;0;0;0;0;0;0;0;0;0;0;0;0;0;0;0;0;0;0;0;0;0;0;0;0;0;0;0;0;0;0;0;0;0;2;1;2;1;2;0;0;0;0;1;0;12;180;8;0;0
09;0901;090102;1;1;5;18;2;0;0;0;0;0;0;0;0;0;0;0;0;0;0;0;0;0;0;0;0;0;0;0;0;0;0;0;0;0;0;0;0;0;0;0;0;0;0;0;0;20;20;20;20;0;0;0;0;0;0;0;1357;7300;1261;0;0
09;0910;091050;1;1;5;18;2;0;2;0;1;0;0;0;0;0;0;0;0;5;5;0;0;0;0;0;0;0;0;0;0;0;0;0;0;0;0;0;0;0;0;0;0;0;0;0;0;22;22;27;30;3;10;0;0;0;0;1;6662;10980;1561;4;11
07;0701;070102;1;12;3;18;2;0;0;0;0;0;0;0;0;0;0;0;0;0;0;0;0;0;0;0;0;0;0;0;0;0;0;0;0;0;0;0;0;0;0;0;0;0;0;0;0;3;3;3;3;0;0;0;0;0;0;0;87;1098;85;0;0
09;0918;091850;1;32;1;18;2;0;0;0;0;0;0;0;0;0;0;0;0;0;0;0;0;0;0;0;0;0;0;0;0;0;0;0;0;0;0;0;0;0;0;0;0;0;0;0;0;7;7;7;7;1;0;0;0;0;0;1;457;2569;206;0;0
13;1301;130101;1;11;1;18;2;0;0;0;0;0;0;0;0;0;0;0;0;0;0;0;0;0;0;0;0;0;0;0;0;0;0;0;0;0;0;0;0;0;0;0;0;0;0;0;0;28;28;28;28;0;0;0;0;0;0;0;475;10248;365;0;2
17;1701;170124;1;12;3;18;2;0;0;0;0;0;0;0;0;0;0;0;0;0;0;0;0;0;0;0;0;0;0;0;0;0;0;0;0;0;0;0;0;0;0;0;0;0;0;0;0;13;13;13;13;0;5;0;0;0;0;0;3198;4758;510;10;29
03;0301;030102;1;12;3;18;2;6;6;0;0;4;4;1;1;0;0;0;0;0;0;1;1;1;1;0;0;0;0;0;0;2;2;2;2;0;0;0;0;0;0;0;0;0;0;0;0;0;0;17;17;2;0;0;0;0;1;0;1253;6222;695;0;0
17;1701;170112;1;12;3;18;2;0;0;0;0;0;0;0;0;0;0;0;0;0;0;0;0;0;0;0;0;0;0;0;0;0;0;0;0;0;0;0;0;0;0;0;0;0;0;0;0;9;9;9;9;0;0;0;0;0;0;2;594;3294;381;0;0
24;2402;240250;1;1;5;18;2;13;13;3;3;8;8;11;11;5;5;0;0;0;0;0;0;0;0;0;0;0;0;0;0;0;0;0;0;0;0;0;0;0;0;0;0;0;0;0;0;0;0;40;40;0;0;0;0;0;0;0;845;14680;506;0;3
13;1301;130102;1;1;5;18;2;4;4;4;4;2;2;2;2;0;0;0;0;1;1;0;0;1;1;0;0;0;0;0;0;0;0;0;0;0;0;0;0;0;0;0;0;0;0;0;0;0;0;14;14;3;0;0;0;0;2;1;871;5124;334;2;3
09;0901;090112;1;1;5;18;2;0;0;0;0;0;0;0;0;0;0;0;0;0;0;0;0;0;0;0;0;0;0;0;0;0;0;0;0;0;0;0;0;0;0;0;0;0;0;0;0;14;14;14;14;0;0;0;0;0;0;0;204;5124;95;0;0
07;0701;070101;1;2;1;18;2;0;0;0;0;0;0;5;5;14;14;0;0;0;0;0;0;0;0;2;2;0;0;0;0;0;0;0;0;0;0;0;0;0;0;0;0;0;0;0;0;29;29;50;50;6;6;3;6;4;3;0;12013;18300;2590;15;40
07;0701;070101;1;1;5;18;2;0;0;0;0;0;0;0;0;0;0;0;0;0;0;0;0;0;0;0;0;0;0;0;0;0;0;0;0;0;0;0;0;0;0;0;0;0;0;0;0;6;6;6;6;0;0;0;0;0;0;1;530;2196;466;0;0
09;0901;090105;1;32;1;18;2;0;0;0;0;0;0;0;0;0;0;0;0;0;0;0;0;0;0;0;0;0;0;0;0;0;0;0;0;0;0;0;0;0;0;0;0;0;0;0;0;6;6;6;6;0;0;0;0;0;0;0;184;2196;92;0;0
22;2201;220150;1;12;3;18;2;7;7;7;7;7;7;7;7;0;0;0;0;0;0;0;0;0;0;0;0;0;0;0;0;0;0;0;0;0;0;0;0;0;0;0;0;0;0;0;0;0;0;28;28;0;0;0;0;0;0;0;648;10248;335;0;0
09;0901;090110;1;1;5;18;2;0;0;0;0;0;0;0;0;0;0;0;0;0;0;0;0;0;0;0;0;0;0;0;0;0;0;0;0;0;0;0;0;0;0;0;0;0;0;0;0;22;22;22;22;0;0;0;0;0;0;0;27;8052;17;0;0
09;0901;090114;1;32;1;18;2;0;0;0;0;0;0;0;0;0;0;0;0;0;0;0;0;0;0;0;0;0;0;0;0;0;0;0;0;0;0;0;0;0;0;0;0;0;0;0;0;5;5;5;5;0;0;0;0;0;0;0;2;1830;2;0;0
13;1301;130106;1;1;5;18;2;0;0;0;0;0;0;0;0;0;0;0;0;0;0;0;0;0;0;0;0;0;0;0;0;0;0;0;0;0;0;0;0;0;0;0;0;0;0;0;0;6;6;6;6;0;0;0;0;0;0;0;1115;2196;957;1;1
09;0924;092450;1;32;1;18;2;4;4;0;0;0;0;0;0;0;0;0;0;0;0;0;0;0;0;0;0;0;0;0;0;0;0;0;0;0;0;0;0;0;0;0;0;0;0;0;0;4;4;8;8;0;0;0;0;0;0;0;303;2928;271;0;0
13;1309;130902;1;12;3;18;2;0;0;0;0;0;0;0;0;0;0;0;0;0;0;0;0;0;0;0;0;0;0;0;0;0;0;0;0;0;0;0;0;0;0;0;0;0;0;0;0;8;8;8;8;0;0;0;0;0;0;0;337;2928;297;0;0
17;1703;170350;1;12;3;18;2;4;4;2;2;1;1;0;0;1;1;0;0;0;0;0;0;0;0;0;0;0;0;0;0;0;0;0;0;0;0;0;0;0;0;0;0;0;0;0;0;0;0;8;8;0;0;0;0;0;0;0;44;2928;36;0;0
09;0901;090114;1;32;1;18;2;1;1;1;1;2;2;0;0;1;1;0;0;0;0;0;0;0;0;0;0;0;0;0;0;0;0;0;0;0;0;0;0;0;0;0;0;0;0;0;0;3;3;8;8;0;0;0;0;0;0;2;165;2986;131;0;0
09;0908;090850;1;32;1;18;2;0;0;0;0;6;6;0;0;1;1;0;0;0;0;0;0;0;0;0;0;0;0;0;0;0;0;0;0;0;0;0;0;0;0;0;0;0;0;0;0;7;7;14;14;0;0;0;0;0;0;0;211;5124;209;0;0
09;0901;090112;1;1;5;18;2;15;15;0;0;0;0;0;0;0;0;0;0;0;0;0;0;0;0;0;0;0;0;0;0;0;0;0;0;0;0;0;0;0;0;0;0;0;0;0;0;0;0;15;15;3;3;0;0;0;0;0;4491;5490;4060;19;9
17;1701;170102;1;12;3;18;2;0;0;0;0;2;2;0;0;2;2;0;0;0;0;0;0;0;0;0;0;0;0;0;0;0;0;0;0;0;0;0;0;0;0;0;0;0;0;0;0;3;3;7;7;2;2;0;0;0;0;0;82;2562;65;0;0
09;0901;090112;1;32;1;18;2;0;0;0;0;0;0;0;0;0;0;0;0;0;0;0;0;0;0;0;0;0;0;0;0;0;0;0;0;0;0;0;0;0;0;0;0;0;0;0;0;7;7;7;7;0;0;0;0;0;0;0;81;2562;78;0;0
17;1701;170106;1;1;5;17;3;0;0;3;3;4;4;0;0;1;1;0;0;0;0;0;0;0;0;1;1;0;0;0;0;0;0;0;0;0;0;0;0;0;0;0;0;0;0;1;1;0;0;10;10;1;0;0;0;0;0;0;363;3660;156;0;0
01;0101;010101;1;12;3;17;3;0;0;8;8;0;0;0;0;0;0;0;0;0;0;0;0;0;0;0;0;0;0;0;0;0;0;0;0;0;0;0;0;0;0;0;0;0;0;0;0;0;0;8;8;0;0;0;0;0;2;0;82;2928;82;0;0
01;0101;010103;1;1;5;17;3;2;2;2;2;10;11;6;7;12;13;0;0;0;0;0;0;0;0;0;0;0;0;0;0;0;0;0;0;0;0;0;0;0;0;0;0;0;0;0;0;2;2;34;37;0;0;0;0;0;0;0;8825;13654;2555;8;10
17;1701;170115;1;12;3;18;2;0;0;0;0;0;0;0;0;0;0;0;0;0;0;0;0;0;0;0;0;0;0;0;0;0;0;0;0;0;0;0;0;0;0;0;0;0;0;24;24;0;0;24;24;0;0;0;0;0;0;0;4291;8784;168;32;101
13;1308;130803;1;1;5;3;1;0;0;0;0;0;0;0;0;0;0;0;0;0;0;0;0;0;0;0;0;0;0;0;0;0;0;0;0;0;0;0;0;0;0;0;0;0;0;0;0;16;16;16;16;0;0;0;0;0;0;0;359;5856;195;0;0
11;1101;110101;1;1;5;3;1;20;20;7;6;4;3;4;4;0;0;0;0;0;0;0;0;5;5;0;0;0;0;0;0;0;0;0;0;0;0;0;0;0;0;0;0;0;0;0;0;0;0;40;38;0;0;0;0;0;0;0;658;12775;203;0;0
18;1801;180109;1;1;5;18;2;0;0;0;0;0;0;0;0;0;0;0;0;0;0;0;0;0;0;0;0;0;0;0;0;0;0;0;0;0;0;0;0;0;0;0;0;0;0;0;0;20;20;20;20;0;0;0;0;0;0;0;2308;7320;1211;4;6
24;2401;240156;2;1;5;6;1;10;10;9;9;14;14;6;6;0;0;0;0;0;0;0;0;3;3;0;0;1;1;1;1;1;1;0;0;0;0;0;0;0;0;0;0;0;0;0;0;0;0;45;45;0;0;0;0;0;0;0;6150;16470;1426;9;26
06;0601;060101;1;1;5;18;2;12;8;2;1;1;1;2;1;0;0;0;0;0;0;0;0;0;0;0;0;0;0;0;0;1;1;0;0;0;0;0;0;0;0;0;0;0;0;1;1;0;0;19;13;3;1;0;0;0;0;0;102;4636;40;0;0
11;1101;110104;1;1;5;18;2;0;0;0;0;0;0;1;1;0;0;0;0;0;0;0;0;0;0;0;0;0;0;0;0;0;0;0;0;0;0;0;0;0;0;0;0;0;0;0;0;5;5;6;6;1;1;0;0;0;1;2;453;2196;263;1;1
05;0501;050104;1;1;5;3;1;0;0;0;0;0;0;0;0;0;0;0;0;0;0;0;0;0;0;0;0;0;0;0;0;0;0;0;0;0;0;0;0;0;0;0;0;0;0;0;0;11;11;11;11;0;0;0;0;0;0;0;442;4026;190;0;0
18;1801;180107;1;1;5;18;2;9;9;0;0;1;1;2;2;0;0;0;0;0;0;0;0;0;0;0;0;0;0;0;0;0;0;0;0;0;0;0;0;0;0;0;0;0;0;0;0;0;0;12;12;0;0;0;0;0;0;0;718;4392;476;0;1
13;1303;130301;1;1;5;6;1;8;6;11;8;4;4;1;0;0;0;1;1;1;0;0;0;4;3;0;0;0;0;0;0;3;2;4;3;0;0;0;0;1;1;0;0;0;0;0;1;0;0;38;29;9;0;0;0;0;0;1;5292;10361;1488;3;10
09;0901;090112;1;1;5;18;2;0;0;0;0;0;0;0;0;0;0;0;0;0;0;0;0;0;0;0;0;0;0;0;0;0;0;0;0;0;0;0;0;0;0;0;0;0;0;0;0;19;19;19;19;0;0;0;0;0;0;0;89;7011;51;0;0
07;0709;070903;1;1;5;18;2;3;3;1;1;1;1;1;1;0;0;0;0;0;0;0;0;6;6;0;0;0;0;0;0;0;0;0;0;0;0;0;0;0;0;0;0;0;0;0;0;2;2;14;14;2;0;0;0;2;0;0;1824;5124;787;4;3
23;2301;230150;1;1;5;18;2;2;2;5;5;4;4;2;2;0;0;0;0;0;0;0;0;0;0;1;1;0;0;0;0;1;1;0;0;0;0;0;0;0;0;0;0;0;0;0;0;0;0;15;15;0;0;0;0;0;0;0;964;5017;723;3;2
13;1303;130301;1;1;5;18;2;0;0;0;0;0;0;0;0;0;0;0;0;0;0;0;0;0;0;0;0;0;0;0;0;0;0;0;0;0;0;0;0;0;0;0;0;0;0;0;0;0;9;0;9;0;0;0;0;0;0;0;1578;3294;1151;3;3
18;1801;180101;1;1;5;18;2;0;0;0;0;0;0;0;0;0;0;0;0;0;0;0;0;0;0;0;0;0;0;0;0;0;0;0;0;0;0;0;0;0;0;0;0;0;0;0;0;24;24;24;24;4;3;1;1;0;3;1;1955;8784;549;3;7
11;1110;111050;1;1;5;1;1;6;6;0;0;7;7;2;2;0;0;0;0;0;0;0;0;0;0;0;0;0;0;0;0;0;0;0;0;0;0;0;0;0;0;0;0;0;0;0;0;0;0;15;15;1;0;0;0;0;0;0;2651;5490;1059;6;5
06;0602;060250;1;1;5;1;1;16;15;10;10;10;10;5;5;0;0;0;0;0;0;0;0;0;0;0;0;0;0;0;0;0;0;0;0;0;0;0;0;0;0;0;0;0;0;0;0;0;0;41;40;0;0;0;0;0;0;0;3284;14948;968;1;0
11;1106;110650;1;1;5;1;1;5;5;3;3;3;3;4;4;0;0;0;0;0;0;0;0;0;0;0;0;0;0;0;0;0;0;0;0;0;0;0;0;0;0;0;0;0;0;0;0;0;0;15;15;2;0;0;0;0;0;2;1492;5490;507;1;1
07;0702;070250;1;1;5;1;1;6;6;2;2;7;7;3;3;0;0;0;0;0;0;0;0;0;0;0;0;0;0;0;0;0;0;0;0;0;0;0;0;0;0;0;0;0;0;0;0;0;0;18;18;2;0;0;0;0;0;0;2674;6588;1066;11;15
10;1002;100250;1;1;5;1;1;4;4;2;2;6;6;3;3;0;0;0;0;0;0;0;0;0;0;0;0;0;0;0;0;0;0;0;0;0;0;0;0;0;0;0;0;0;0;0;0;0;0;15;15;6;0;0;0;0;0;0;2872;6632;1083;1;0
12;1202;120250;1;1;5;1;1;9;9;3;3;8;8;3;3;0;0;0;0;0;0;0;0;0;0;0;0;0;0;0;0;0;0;0;0;0;0;0;0;0;0;0;0;0;0;0;0;0;0;23;23;2;0;0;0;0;2;3;3448;8418;1280;4;11
09;0904;090450;1;1;5;1;1;5;5;5;5;6;6;4;4;0;0;0;0;0;0;0;0;0;0;0;0;0;0;0;0;0;0;0;0;0;0;0;0;0;0;0;0;0;0;0;0;0;0;20;20;5;0;0;0;0;0;2;3062;7320;1463;31;28
13;1302;130250;1;1;5;1;1;13;13;3;3;11;11;13;13;0;0;0;0;0;0;0;0;0;0;0;0;0;0;0;0;0;0;0;0;0;0;0;0;0;0;0;0;0;0;0;0;0;0;40;40;5;0;0;0;0;0;3;5996;14646;2282;24;29
11;1102;110250;1;1;5;1;1;6;6;2;2;10;10;2;2;0;0;0;0;0;0;0;0;0;0;0;0;0;0;0;0;0;0;0;0;0;0;0;0;0;0;0;0;0;0;0;0;0;0;20;20;3;0;0;0;1;0;0;2047;7137;821;14;11
17;1702;170202;1;1;5;1;1;4;4;7;7;12;12;7;7;0;0;0;0;0;0;0;0;0;0;0;0;0;0;0;0;0;0;0;0;0;0;0;0;0;0;0;0;0;0;0;0;0;0;30;30;12;0;0;0;0;0;0;6021;10948;2145;1;6
06;0603;060350;1;1;5;1;1;10;10;5;5;6;6;4;4;0;0;0;0;0;0;0;0;0;0;0;0;0;0;0;0;0;0;0;0;0;0;0;0;0;0;0;0;0;0;0;0;0;0;25;25;3;0;0;0;0;0;0;1951;8578;605;0;2
10;1003;100350;1;1;5;1;1;6;6;6;6;7;7;4;4;0;0;0;0;0;0;0;0;0;0;0;0;0;0;0;0;0;0;0;0;0;0;0;0;0;0;0;0;0;0;0;0;0;0;23;23;2;0;0;0;0;2;3;2506;8423;946;2;3
09;0906;090601;1;1;5;1;1;8;8;3;3;6;6;4;4;0;0;0;0;0;0;0;0;0;0;0;0;0;0;0;0;0;0;0;0;0;0;0;0;0;0;0;0;0;0;0;0;0;0;21;21;9;0;0;0;1;0;2;5557;7686;2440;7;13
13;1304;130401;1;1;5;1;1;5;5;1;1;7;7;2;2;0;0;0;0;0;0;0;0;0;0;0;0;0;0;0;0;0;0;0;0;0;0;0;0;0;0;0;0;0;0;0;0;0;0;15;15;4;0;0;0;0;2;0;4218;5905;1439;8;22
05;0503;050350;1;1;5;1;1;8;8;0;0;4;4;3;3;0;0;0;0;0;0;0;0;0;0;0;0;0;0;0;0;0;0;0;0;0;0;0;0;0;0;0;0;0;0;0;0;0;0;15;15;2;0;0;0;0;1;3;1710;5490;683;2;2
09;0908;090850;1;1;5;1;1;8;8;6;6;10;10;6;6;0;0;0;0;0;0;0;0;0;0;0;0;0;0;0;0;0;0;0;0;0;0;0;0;0;0;0;0;0;0;0;0;0;0;30;30;17;0;0;0;0;0;0;5779;10995;1978;27;26
07;0706;070650;1;1;5;1;1;8;8;4;4;11;11;10;10;0;0;0;0;0;0;0;0;0;0;0;0;0;0;0;0;0;0;0;0;0;0;0;0;0;0;0;0;0;0;0;0;0;0;33;33;3;0;0;0;0;2;0;4996;12078;1574;41;64
09;0909;090950;1;1;5;1;1;5;5;4;4;7;7;4;4;0;0;0;0;0;0;0;0;0;0;0;0;0;0;0;0;0;0;0;0;0;0;0;0;0;0;0;0;0;0;0;0;0;0;20;20;5;0;0;0;0;0;1;4281;7320;1406;12;15
01;0102;010250;1;1;5;1;1;6;6;3;4;3;5;3;3;0;0;0;0;0;0;0;0;0;0;0;0;0;0;0;0;0;0;0;0;0;0;0;0;0;0;0;0;0;0;0;0;0;0;15;18;2;0;0;0;0;0;0;4390;6613;1553;9;21
14;1402;140201;1;1;5;1;1;8;10;2;5;4;9;4;9;0;0;0;0;0;0;0;0;0;0;0;0;0;0;0;0;0;0;0;0;0;0;0;0;0;0;0;0;0;0;0;0;0;0;18;33;3;0;0;0;0;0;0;7195;9656;2195;18;15
06;0606;060650;1;1;5;1;1;4;4;2;2;5;5;4;4;0;0;0;0;0;0;0;0;0;0;0;0;0;0;0;0;0;0;0;0;0;0;0;0;0;0;0;0;0;0;0;0;0;0;15;15;3;0;0;0;0;0;0;1723;5298;617;0;3
07;0707;070750;1;1;5;1;1;9;9;10;10;12;12;9;9;0;0;0;0;0;0;0;0;0;0;0;0;0;0;0;0;0;0;0;0;0;0;0;0;0;0;0;0;0;0;0;0;0;0;40;40;10;0;0;0;0;0;0;4336;14640;1568;23;50
13;1301;130108;1;32;1;18;2;0;0;2;2;2;2;2;2;0;0;0;0;0;0;0;0;0;0;0;0;0;0;0;0;0;0;0;0;0;0;0;0;0;0;0;0;0;0;0;0;0;0;6;6;2;0;0;0;0;0;2;444;2192;274;0;0
13;1306;130602;1;1;5;1;1;15;15;5;5;19;19;11;11;0;0;0;0;0;0;0;0;0;0;0;0;0;0;0;0;0;0;0;0;0;0;0;0;0;0;0;0;0;0;0;0;0;0;50;50;8;0;0;0;1;0;0;9006;18350;2823;14;34
03;0304;030450;1;1;5;1;1;7;7;7;7;12;12;6;6;0;0;0;0;0;0;0;0;0;0;0;0;0;0;0;0;0;0;0;0;0;0;0;0;0;0;0;0;0;0;0;0;0;0;32;32;4;0;0;0;0;0;0;7202;11364;2462;6;13
18;1801;180109;1;1;5;18;2;6;6;6;6;6;6;0;0;1;1;0;0;0;0;0;0;1;1;0;0;0;0;1;1;1;1;6;6;0;0;0;0;0;0;0;0;0;0;0;0;0;0;28;28;0;0;0;0;0;0;0;89;10248;79;0;0
14;1403;140350;1;1;5;1;1;8;8;3;3;8;8;6;6;0;0;0;0;0;0;0;0;0;0;0;0;0;0;0;0;0;0;0;0;0;0;0;0;0;0;0;0;0;0;0;0;0;0;25;25;0;0;0;0;0;0;6;4222;9150;1378;1;4
17;1701;170169;2;1;5;1;1;4;5;0;0;7;7;4;5;0;0;0;0;0;0;0;0;0;0;0;0;0;0;0;0;0;0;0;0;0;0;0;0;0;0;0;0;0;0;0;0;0;0;15;17;3;0;0;0;0;0;0;1048;5485;385;1;2
09;0912;091250;1;1;5;1;1;4;4;3;3;5;5;3;3;0;0;0;0;0;0;0;0;0;0;0;0;0;0;0;0;0;0;0;0;0;0;0;0;0;0;0;0;0;0;0;0;0;0;15;15;5;0;0;0;0;0;1;2218;5490;745;5;17
22;2202;220250;1;1;5;1;1;14;14;2;2;2;2;3;3;0;0;0;0;0;0;0;0;0;0;0;0;0;0;0;0;0;0;0;0;0;0;0;0;0;0;0;0;0;0;0;0;0;0;21;21;0;0;0;0;0;0;9;531;7665;131;1;2
10;1004;100401;1;1;5;1;1;21;21;19;19;20;20;23;23;0;0;0;0;0;0;0;0;0;0;0;0;0;0;0;0;0;0;0;0;0;0;0;0;0;0;0;0;0;0;0;0;0;0;83;83;3;0;0;0;1;4;5;9040;30320;3403;16;32
07;0709;070950;1;1;5;1;1;14;14;14;14;21;21;10;10;6;8;0;0;0;0;0;0;0;0;0;0;0;0;0;0;0;0;0;0;0;0;0;0;0;0;0;0;0;0;0;0;0;0;65;67;6;0;0;0;0;0;0;15357;24402;3812;37;88
01;0105;010550;1;1;5;1;1;10;9;8;5;8;6;4;5;0;0;0;0;0;0;0;0;0;0;0;0;0;0;0;0;0;0;0;0;0;0;0;0;0;0;0;0;0;0;0;0;0;0;30;25;0;0;0;0;0;0;0;6438;9065;1867;7;22
18;1807;180701;1;1;5;1;1;4;4;4;4;9;9;2;2;0;0;0;0;0;0;0;0;0;0;0;0;0;0;0;0;0;0;0;0;0;0;0;0;0;0;0;0;0;0;0;0;0;0;19;19;4;0;0;0;0;1;0;3568;6954;1291;1;4
13;1311;131150;1;1;5;1;1;12;12;8;8;8;8;4;4;0;0;0;0;0;0;0;0;0;0;0;0;0;0;0;0;0;0;0;0;0;0;0;0;0;0;0;0;0;0;0;0;0;0;32;32;4;0;0;0;0;0;8;2100;11712;796;0;1
07;0710;071050;1;1;5;1;1;6;6;4;4;6;6;3;3;0;0;0;0;0;0;0;0;0;0;0;0;0;0;0;0;0;0;0;0;0;0;0;0;0;0;0;0;0;0;0;0;0;0;19;19;3;0;0;0;0;0;0;3379;6940;1084;1;6
09;0921;092150;1;1;5;1;1;3;3;2;2;6;6;4;4;0;0;0;0;0;0;0;0;0;0;0;11;0;0;0;0;0;0;0;0;0;0;0;0;0;0;0;0;0;0;0;0;0;0;15;26;17;0;0;0;0;0;0;3728;9372;1503;27;32
05;0504;050450;1;1;5;1;1;5;5;0;0;5;5;5;5;0;0;0;0;0;0;0;0;0;0;0;0;0;0;0;0;0;0;0;0;0;0;0;0;0;0;0;0;0;0;0;0;0;0;15;15;2;0;0;0;0;0;1;2290;5490;1011;1;0
24;2403;240303;1;1;5;1;1;3;3;4;4;6;6;2;2;0;0;0;0;0;0;0;0;0;0;0;0;0;0;0;0;0;0;0;0;0;0;0;0;0;0;0;0;0;0;0;0;0;0;15;15;4;0;0;0;0;0;0;4617;5490;1753;5;3
09;0919;091950;1;1;5;1;1;8;8;2;2;6;6;4;4;0;0;0;0;0;0;0;0;0;0;0;0;0;0;0;0;0;0;0;0;0;0;0;0;0;0;0;0;0;0;0;0;0;0;20;20;5;0;0;0;0;0;0;2224;7320;800;11;18
04;0405;040550;1;1;5;1;1;5;5;5;5;11;11;4;4;0;0;0;0;0;0;0;0;0;0;0;0;0;0;0;0;0;0;0;0;0;0;0;0;0;0;0;0;0;0;0;0;0;0;25;25;6;0;0;0;0;2;2;2076;8297;874;2;1
08;0805;080550;1;1;5;1;1;13;13;12;12;15;15;28;28;0;0;0;0;0;0;0;0;0;0;0;0;0;0;0;0;0;0;0;0;0;0;0;0;0;0;0;0;0;0;0;0;0;0;68;68;12;0;0;0;0;2;0;6041;19127;2005;7;11
02;0205;020550;1;1;5;1;1;5;5;2;2;5;5;3;3;0;0;0;0;0;0;0;0;0;0;0;0;0;0;0;0;0;0;0;0;0;0;0;0;0;0;0;0;0;0;0;0;0;0;15;15;3;0;0;0;0;0;5;2935;5490;951;0;4
20;2003;200350;1;1;5;1;1;4;4;4;4;4;4;3;3;0;0;0;0;0;0;0;0;0;0;0;5;0;0;0;0;0;0;0;0;0;0;0;0;0;0;0;0;0;0;0;0;0;0;15;20;1;0;0;0;1;0;7;2600;7415;856;3;5
07;0712;071250;1;1;5;1;1;26;26;14;14;0;0;10;10;0;0;0;0;0;0;0;0;0;0;0;0;0;0;0;0;0;0;0;0;0;0;0;0;0;0;0;0;0;0;0;0;0;0;50;50;6;0;0;0;0;0;0;8125;17208;1597;39;85
11;1111;111150;1;1;5;1;1;6;6;3;3;3;3;3;3;0;0;0;0;0;0;0;0;0;0;0;0;0;0;0;0;0;0;0;0;0;0;0;0;0;0;0;0;0;0;0;0;0;0;15;15;3;0;0;0;0;0;0;1411;5505;561;5;1
01;0109;010950;1;1;5;1;1;8;8;2;2;3;3;5;5;0;0;0;0;0;0;0;0;0;0;0;0;0;0;0;0;0;0;0;0;0;0;0;0;0;0;0;0;0;0;0;0;0;0;18;18;6;0;0;0;0;2;0;5188;6160;1447;6;26
12;1207;120750;1;1;5;1;1;7;7;3;3;7;7;3;3;0;0;0;0;0;0;0;0;0;0;0;0;0;0;0;0;0;0;0;0;0;0;0;0;0;0;0;0;0;0;0;0;0;0;20;20;7;0;0;0;0;0;0;3732;7320;1748;4;10
11;1101;110161;2;1;5;1;1;6;6;3;3;3;3;3;3;0;0;0;0;0;0;0;0;0;0;0;0;0;0;0;0;0;0;0;0;0;0;0;0;0;0;0;0;0;0;0;0;0;0;15;15;2;0;0;0;0;2;1;2050;5496;699;0;3
12;1208;120850;1;1;5;1;1;16;16;4;4;22;22;9;9;0;0;0;0;0;0;0;0;0;0;0;0;0;0;0;0;0;0;0;0;0;0;0;0;0;0;0;0;0;0;0;0;0;0;51;51;7;0;0;0;3;3;0;6451;18666;2325;2;4
09;0920;092050;1;1;5;1;1;3;3;3;3;6;6;3;3;0;0;0;0;0;0;0;0;0;0;0;0;0;0;0;0;0;0;0;0;0;0;0;0;0;0;0;0;0;0;0;0;0;0;15;15;5;0;0;0;0;0;1;2440;5485;1008;6;7
19;1905;190550;1;1;5;1;1;16;16;20;20;20;20;12;12;0;0;0;0;0;0;0;0;0;0;0;0;0;0;0;0;0;0;0;0;0;0;0;0;0;0;0;0;0;0;0;0;0;0;68;68;5;0;0;0;0;5;2;10211;24888;3438;14;34
17;1701;170185;2;1;5;1;1;8;8;6;7;14;13;8;9;0;0;0;0;0;0;0;0;0;0;0;0;0;0;0;0;0;0;0;0;0;0;0;0;0;0;0;0;0;0;0;0;0;0;36;37;12;0;0;0;2;4;3;6955;13218;3052;1;7
19;1902;190250;1;1;5;1;1;6;6;3;3;3;3;3;3;0;0;0;0;0;0;0;0;0;0;0;0;0;0;0;0;0;0;0;0;0;0;0;0;0;0;0;0;0;0;0;0;0;0;15;15;3;0;0;0;0;2;0;2394;5601;797;6;3
13;1308;130850;1;32;1;18;2;0;0;0;0;0;0;0;0;0;0;0;0;0;0;0;0;0;0;0;0;0;0;0;0;0;0;0;0;0;0;0;0;0;0;0;0;0;0;0;0;12;12;12;12;2;0;0;0;0;2;1;1074;4402;1073;0;0
18;1801;180105;1;1;5;18;2;0;0;0;0;0;0;0;0;0;0;0;0;0;0;0;0;0;0;0;0;0;0;0;0;0;0;0;0;0;0;0;0;0;0;0;0;0;0;0;0;13;13;13;13;4;2;0;0;2;3;0;1050;4758;408;1;5
02;0202;020250;1;1;5;1;1;6;6;3;3;3;3;3;3;0;0;0;0;0;0;0;0;0;0;0;0;0;0;0;0;0;0;0;0;0;0;0;0;0;0;0;0;0;0;0;0;0;0;15;15;0;0;0;0;0;2;0;2410;5490;932;3;2
24;2403;240303;1;1;5;3;1;5;5;3;3;2;2;2;2;0;0;0;0;0;0;0;0;4;4;0;0;2;2;2;2;0;0;0;0;0;0;0;0;0;0;0;0;0;0;0;0;0;0;20;20;0;0;0;0;0;0;0;201;7320;103;0;0
02;0201;020150;1;1;5;6;1;7;6;10;8;7;7;3;3;0;0;0;0;0;0;0;0;0;0;0;0;0;0;0;0;0;0;0;0;0;0;0;0;0;0;0;0;0;0;0;4;0;0;27;28;14;0;0;0;0;0;0;3998;9882;1052;2;3
08;0801;080104;1;1;5;3;1;6;6;4;4;4;4;2;2;0;0;0;0;0;0;0;0;4;4;0;0;0;0;0;0;0;0;0;0;0;0;0;0;0;0;0;0;0;0;0;0;0;0;20;20;0;0;0;0;0;0;0;743;6550;188;0;1
22;2201;220150;1;1;5;3;1;10;10;3;3;2;2;3;3;0;0;0;0;0;0;0;0;2;2;0;0;0;0;0;0;0;0;0;0;0;0;0;0;0;0;0;0;0;0;0;0;0;0;20;20;0;0;0;0;0;0;0;768;7320;118;0;2
12;1205;120502;1;1;5;18;2;1;1;2;2;10;6;3;3;0;0;0;0;0;0;0;0;0;0;0;0;0;0;0;0;0;0;0;0;0;0;0;0;0;0;0;0;0;0;0;0;0;0;16;12;3;0;0;0;0;0;0;530;4392;520;0;0
05;0501;050102;1;1;5;6;1;21;21;15;15;14;11;14;14;8;8;2;2;0;0;0;0;13;13;0;0;0;0;0;0;0;0;2;2;0;0;1;1;0;0;0;0;0;0;5;5;0;0;95;92;16;5;0;0;0;8;0;15728;33550;3632;18;52
23;2301;230102;1;1;5;18;2;3;3;3;3;2;2;1;1;2;2;0;0;0;0;0;0;0;0;0;0;0;0;0;0;1;1;0;0;0;0;0;0;0;0;0;0;0;0;0;0;0;0;12;12;1;0;0;0;0;1;0;107;4392;32;1;0
18;1801;180109;1;1;5;18;2;0;0;0;0;0;0;0;0;0;0;0;0;0;0;0;0;0;0;0;0;0;0;0;0;0;0;0;0;0;0;0;0;0;0;0;0;0;0;0;0;10;10;10;10;1;0;0;0;0;2;1;217;3660;112;0;0
07;0707;070701;1;1;5;18;2;0;0;1;1;5;5;0;0;0;0;0;0;0;0;0;0;0;0;0;0;0;0;0;0;0;0;0;0;0;0;0;0;0;0;0;0;0;0;0;0;0;0;6;6;1;0;0;0;0;0;0;400;2196;209;0;0
13;1312;131250;1;1;5;1;1;4;4;3;3;4;4;4;4;0;0;0;0;0;0;0;0;0;0;0;0;0;0;0;0;0;0;0;0;0;0;0;0;0;0;0;0;0;0;0;0;0;0;15;15;5;0;0;0;0;0;0;1541;5490;760;7;5
13;1303;130302;1;1;5;17;3;1;1;1;1;1;1;4;4;0;0;1;1;0;0;0;0;0;0;0;0;0;0;0;0;0;0;0;0;0;0;0;0;0;0;0;0;0;0;0;0;0;0;8;8;0;0;0;0;0;0;0;265;2928;209;0;0
12;1210;121050;1;1;5;18;2;4;4;4;4;5;5;3;3;3;3;0;0;0;0;0;0;3;3;0;0;0;0;0;0;0;2;0;0;0;0;0;0;0;0;0;0;0;0;0;0;2;0;24;24;0;0;0;0;0;0;0;1579;8784;1069;2;2
05;0502;050202;1;1;5;18;2;8;8;1;1;4;4;2;2;3;3;0;0;0;0;0;0;1;1;0;0;0;0;0;0;0;0;0;0;0;0;0;0;0;0;0;0;0;0;0;0;0;0;19;19;0;0;0;0;0;0;0;524;6954;273;0;1
05;0505;050550;1;1;5;18;2;0;0;0;0;0;0;0;0;0;0;0;0;0;0;0;0;0;0;0;0;0;0;0;0;0;0;0;0;0;0;0;0;0;0;0;0;0;0;0;0;8;8;8;8;0;0;0;0;0;0;0;339;2928;208;0;1
12;1205;120501;1;1;5;18;2;8;8;2;2;2;2;2;2;3;3;0;0;0;0;0;0;0;0;0;0;0;0;0;0;0;0;0;0;0;0;0;0;0;0;0;0;0;0;0;0;0;0;17;17;0;0;0;0;0;0;0;1198;6205;401;2;1
18;1801;180105;1;1;5;18;2;1;1;2;2;1;1;1;1;2;2;1;1;1;1;1;1;1;1;1;1;1;1;1;1;1;1;1;1;0;0;1;1;1;1;1;1;1;1;0;0;0;0;20;20;2;2;0;0;0;1;2;856;7320;475;0;0
06;0601;060101;1;1;5;18;2;0;0;0;0;0;0;0;0;0;0;0;0;0;0;0;0;0;0;0;0;0;0;0;0;0;0;0;0;0;0;0;0;0;0;0;0;0;0;0;0;8;8;8;8;0;0;0;0;0;0;0;903;2928;515;0;1
18;1801;180163;2;1;5;18;2;0;0;0;0;0;0;0;0;4;4;0;0;0;0;0;0;0;0;0;0;0;0;0;0;0;0;0;0;0;0;0;0;0;0;0;0;0;0;0;0;13;13;17;17;1;0;0;0;0;1;0;455;6222;212;2;0
18;1801;180109;1;1;5;18;2;0;0;0;0;8;8;0;0;0;0;0;0;0;0;0;0;0;0;0;0;0;0;0;0;0;0;0;0;0;0;0;0;0;0;0;0;0;0;0;0;0;0;8;8;0;0;0;0;0;0;0;702;2928;382;0;0
23;2301;230102;1;1;5;18;2;1;1;2;2;2;2;2;2;6;6;0;0;0;0;0;0;0;0;0;0;0;0;0;0;0;0;0;0;0;0;0;0;0;0;0;0;0;0;0;0;0;0;13;13;0;0;0;0;0;0;0;94;4518;63;0;0
02;0201;020102;1;32;1;18;2;0;0;0;0;1;1;0;0;0;0;0;0;0;0;0;0;0;0;0;0;0;0;0;0;0;0;0;0;0;0;0;0;0;0;0;0;0;0;0;0;5;5;6;6;0;0;0;0;0;0;0;412;2196;227;1;0
18;1801;180109;1;1;5;18;2;3;3;5;5;2;2;1;1;2;2;0;0;0;0;0;0;0;0;0;0;0;0;0;0;0;0;0;0;0;0;0;0;0;0;0;0;0;0;0;0;0;0;13;13;1;1;1;0;0;0;0;607;4758;565;2;1
09;0910;091050;1;1;5;18;2;0;0;0;0;3;3;5;5;4;4;0;0;0;0;0;0;0;0;1;1;0;0;0;0;0;0;0;0;0;0;0;0;0;0;0;0;0;0;0;0;18;18;31;31;3;2;0;0;0;3;0;1205;11346;547;6;4
12;1205;120501;1;1;5;18;2;0;0;0;0;0;0;0;0;3;3;0;0;0;0;0;0;0;0;0;0;0;0;0;0;0;0;0;0;0;0;0;0;0;0;0;0;0;0;0;0;7;7;10;10;2;2;0;0;0;0;0;129;3660;77;1;0
18;1801;180107;1;1;5;18;2;0;0;0;0;0;0;2;1;2;2;0;0;0;0;0;0;0;0;8;5;0;0;0;0;0;0;0;0;0;0;0;0;0;0;0;0;0;0;0;0;6;11;18;19;2;4;0;0;0;2;0;1534;6920;696;1;8
09;0901;090102;1;1;5;11;1;78;46;0;0;0;0;0;0;0;0;0;0;0;0;48;28;0;0;0;0;0;0;0;0;0;0;0;0;0;0;0;0;0;0;0;0;0;0;0;0;0;0;126;74;7;0;0;0;0;0;0;4249;46116;748;11;13
01;0101;010105;1;2;1;18;2;0;0;0;0;0;0;0;0;0;0;0;0;0;0;0;0;0;0;0;0;0;0;0;0;0;0;0;0;0;0;0;0;0;0;0;0;0;0;0;0;11;11;11;11;2;0;0;0;0;2;2;1807;4026;494;2;16
09;0901;090112;1;2;1;18;2;49;49;0;0;11;11;36;36;0;0;0;0;0;0;0;0;0;0;5;5;0;0;0;0;0;0;0;0;0;0;0;0;0;0;0;0;0;0;0;0;0;0;101;101;0;0;0;0;0;0;0;12882;36966;2609;9;56
11;1101;110101;1;2;1;18;2;0;0;0;0;0;0;0;0;2;2;0;0;0;0;0;0;0;0;0;0;0;0;0;0;0;0;0;0;0;0;0;0;0;0;0;0;0;0;0;0;29;29;31;31;5;3;0;0;0;0;0;4712;11346;2024;3;18
17;1701;170129;1;1;5;18;2;0;0;0;0;0;0;0;0;0;0;0;0;0;0;0;0;0;0;0;0;0;0;0;0;0;0;0;0;0;0;0;0;0;0;0;0;0;0;0;0;7;7;7;7;3;0;0;0;0;1;1;536;2562;302;1;0
17;1701;170106;1;10;2;1;1;0;0;0;0;0;0;0;0;0;0;0;0;0;0;0;0;0;0;0;0;0;0;0;0;0;0;0;0;0;0;0;0;0;0;0;0;0;0;51;37;0;0;51;37;3;0;0;0;0;0;0;8830;13528;995;57;150
09;0901;090104;1;11;1;1;1;54;69;28;29;6;7;0;0;0;0;22;22;0;0;0;0;23;22;4;4;0;0;0;0;6;6;20;21;0;0;12;17;12;14;12;12;18;15;33;38;0;0;250;276;31;21;0;0;12;0;27;79527;101335;7903;161;888
17;1701;170113;1;11;1;1;1;37;32;43;34;9;9;0;0;0;0;16;16;20;7;0;0;57;36;0;0;12;5;9;4;18;18;18;18;0;0;46;38;22;19;25;25;12;12;81;113;0;0;425;386;38;23;0;0;0;0;17;82099;140998;10229;61;331
17;1701;170113;1;11;1;3;1;0;0;0;0;0;0;0;0;0;0;0;0;0;0;0;0;0;0;0;0;0;0;0;0;0;0;0;0;0;0;0;0;0;0;0;0;0;0;0;0;199;133;199;133;9;7;0;6;0;18;0;34068;48611;5314;19;197
09;0901;090114;1;11;1;6;1;11;7;40;29;31;30;0;0;20;20;31;27;14;10;15;12;31;22;8;6;8;7;9;8;15;13;28;18;0;0;22;19;9;7;20;14;30;15;26;19;0;0;368;283;43;39;0;28;30;36;3;83775;116181;14015;18;192
09;0901;090112;1;2;1;13;3;0;0;0;0;91;91;0;0;0;0;0;0;0;0;0;0;0;0;0;0;0;0;0;0;0;0;0;0;0;0;0;0;0;0;0;0;0;0;0;0;0;0;91;91;8;9;0;0;0;26;0;22652;33306;6988;0;5
12;1201;120101;1;32;1;18;2;0;0;2;2;2;2;0;0;0;0;0;0;0;0;0;0;0;0;0;0;0;0;0;0;0;0;0;0;0;0;0;0;0;0;0;0;0;0;0;0;4;4;8;8;1;0;0;0;0;1;0;143;2928;143;0;0
12;1210;121050;1;32;1;18;2;0;0;7;7;6;6;0;0;1;1;0;0;0;0;0;0;0;0;0;0;0;0;0;0;0;0;0;0;0;0;0;0;0;0;0;0;0;0;0;0;3;3;17;17;2;0;0;0;1;0;0;338;6222;285;1;0
09;0908;090850;1;32;1;18;2;2;2;2;2;2;2;2;2;2;2;0;0;0;0;0;0;0;0;0;0;0;0;0;0;0;0;0;0;0;0;0;0;0;0;0;0;0;0;0;0;0;0;10;10;0;0;0;0;0;0;0;358;3660;317;0;0
12;1207;120750;1;32;1;18;2;0;0;0;0;0;0;0;0;1;1;0;0;0;0;0;0;0;0;0;0;0;0;0;0;0;0;0;0;0;0;0;0;0;0;0;0;0;0;0;0;8;8;9;9;0;0;0;0;0;0;0;35;3294;33;0;0
12;1210;121050;1;32;1;18;2;0;0;0;0;0;0;0;0;1;1;0;0;0;0;0;0;0;0;0;0;0;0;0;0;0;0;0;0;0;0;0;0;0;0;0;0;0;0;0;0;16;16;17;17;2;0;0;0;0;0;1;367;6282;306;3;0
12;1205;120504;1;32;1;18;2;0;0;0;0;0;0;0;0;0;0;0;0;0;0;0;0;0;0;0;0;0;0;0;0;0;0;0;0;0;0;0;0;0;0;0;0;0;0;0;0;0;12;0;12;0;0;0;0;0;0;0;12;4392;12;0;0
12;1210;121050;1;32;1;18;2;7;7;1;1;2;2;0;0;1;1;0;0;0;0;0;0;0;0;0;0;0;0;0;0;0;0;0;0;0;0;0;0;0;0;0;0;0;0;0;0;0;0;11;11;1;2;0;0;0;0;0;122;4026;100;0;0
12;1210;121050;1;32;1;18;2;0;0;0;0;2;2;0;0;1;1;0;0;0;0;0;0;0;0;0;0;0;0;0;0;0;0;0;0;0;0;0;0;0;0;0;0;0;0;0;0;9;9;12;12;0;0;0;0;0;0;0;31;4404;31;1;0
12;1208;120802;1;32;1;18;2;0;0;3;3;1;1;3;3;0;0;0;0;0;0;0;0;0;0;0;0;0;0;0;0;0;0;0;0;0;0;0;0;0;0;0;0;0;0;0;0;0;0;7;7;0;0;0;0;0;0;0;1100;2562;638;1;0
13;1304;130401;1;1;5;18;2;0;0;0;0;0;0;0;0;0;0;0;0;0;0;0;0;0;0;0;0;0;0;0;0;0;0;0;0;0;0;0;0;0;0;0;0;0;0;0;0;6;6;6;6;0;0;0;0;0;0;0;151;2196;94;0;0
09;0908;090850;1;32;1;18;2;8;8;0;0;0;0;0;0;0;0;0;0;0;0;0;0;0;0;0;0;0;0;0;0;0;0;0;0;0;0;0;0;0;0;0;0;0;0;0;0;0;0;8;8;0;0;0;0;0;0;0;228;2928;226;0;0
09;0921;092150;1;32;1;17;3;0;0;0;0;15;15;0;0;0;0;0;0;0;0;0;0;0;0;0;0;0;0;0;0;0;0;0;0;0;0;0;0;0;0;0;0;0;0;0;0;0;0;15;15;0;0;0;0;0;0;0;82;5490;36;0;0
12;1205;120501;1;32;1;18;2;0;0;0;0;0;0;0;0;0;0;0;0;0;0;0;0;0;0;0;0;0;0;0;0;0;0;0;0;0;0;0;0;0;0;0;0;0;0;0;0;12;12;12;12;0;2;0;0;0;0;1;224;4402;166;0;0
23;2301;230105;1;32;1;18;2;0;0;2;2;0;0;0;0;0;0;0;0;0;0;0;0;0;0;0;0;0;0;0;0;0;0;0;0;0;0;0;0;0;0;0;0;0;0;0;0;2;2;4;4;0;0;0;0;0;0;0;182;1464;146;0;0
09;0919;091950;1;32;1;18;2;0;0;0;0;0;0;0;0;3;3;0;0;0;0;0;0;0;0;0;0;0;0;0;0;0;0;0;0;0;0;0;0;0;0;0;0;0;0;0;0;8;8;11;11;0;0;0;0;0;0;0;176;4026;121;1;0
07;0701;070101;1;12;3;18;2;4;4;1;1;2;2;0;0;0;0;0;0;0;0;0;0;0;0;0;0;0;0;0;0;0;0;0;0;0;0;0;0;0;0;0;0;0;0;0;0;3;3;10;10;0;0;0;0;0;0;0;92;3660;92;0;0
12;1208;120850;1;32;1;18;2;9;9;5;5;2;2;0;0;1;1;0;0;0;0;0;0;0;0;0;0;0;0;0;0;0;0;0;0;0;0;0;0;0;0;0;0;0;0;0;0;0;0;17;17;2;0;0;0;0;1;0;2080;6222;1244;0;0
12;1204;120452;2;32;1;18;2;4;4;3;3;4;2;0;0;1;1;0;0;0;0;0;0;0;0;0;0;0;0;0;0;0;0;0;0;0;0;0;0;0;0;0;0;0;0;0;0;0;0;12;10;0;0;0;0;0;0;0;489;3660;173;0;2
09;0916;091650;1;32;1;18;2;4;4;2;2;0;0;0;0;1;1;0;0;0;0;0;0;0;0;0;0;0;0;0;0;0;0;0;0;0;0;0;0;0;0;0;0;0;0;0;0;0;0;7;7;0;0;0;0;0;0;0;281;2562;230;1;0
12;1201;120102;1;32;1;18;2;0;0;0;0;0;0;0;0;0;0;0;0;0;0;0;0;0;0;0;0;0;0;0;0;0;0;0;0;0;0;0;0;0;0;0;0;0;0;0;0;4;4;4;4;1;0;0;0;0;1;0;90;1464;57;0;0
17;1701;170157;2;2;1;18;2;12;13;9;7;10;9;15;12;4;4;4;4;3;5;2;2;7;8;0;0;2;2;3;4;3;3;3;3;0;0;4;1;2;2;3;3;0;0;0;0;0;0;86;82;18;8;4;4;4;6;0;11709;29930;3024;8;47
09;0901;090112;1;5;1;13;3;0;0;0;0;0;0;94;89;25;25;0;0;0;0;0;0;0;0;0;0;0;0;0;0;0;0;0;0;14;14;0;0;0;0;0;0;0;0;54;54;0;0;187;182;35;0;39;53;65;16;1;88866;63499;9697;38;219
06;0601;060101;1;1;5;18;2;10;10;9;9;0;0;0;0;0;0;0;0;0;0;0;0;0;0;0;0;0;0;0;0;0;0;0;0;0;0;0;0;0;0;0;0;0;0;4;4;0;0;23;23;1;5;0;0;3;1;0;4230;8418;1610;6;17
02;0201;020102;1;2;1;1;1;22;9;23;13;35;35;20;11;10;10;0;0;0;0;0;0;0;0;0;37;0;0;0;0;0;0;0;0;0;0;0;0;0;0;0;0;0;0;0;0;0;0;110;115;8;0;0;0;2;4;6;14496;42353;3910;28;91
18;1801;180101;1;2;1;6;1;37;37;32;31;36;36;30;30;15;15;4;4;0;0;1;1;26;26;0;0;0;1;3;3;12;12;2;2;0;0;8;8;8;8;0;0;0;0;3;3;0;0;217;217;15;8;0;7;21;11;70;43879;79422;8288;86;358
24;2403;240352;2;2;1;18;2;10;10;10;10;6;6;6;6;5;5;1;1;1;1;0;0;4;4;1;1;1;1;1;1;2;2;2;2;0;0;2;0;3;3;0;0;0;0;0;0;0;0;55;53;9;5;5;0;12;2;4;8258;19398;2065;47;72
23;2301;230106;1;2;1;18;2;0;0;0;0;0;0;0;0;3;0;0;0;0;0;0;0;0;0;0;0;0;0;0;0;0;0;0;0;0;0;0;0;0;0;0;0;0;0;0;0;16;16;19;16;0;0;0;0;0;0;0;1728;5856;859;4;7
09;0901;090112;1;2;1;6;1;89;88;53;20;60;21;60;20;10;2;4;1;0;0;0;0;59;22;0;0;0;0;2;0;12;3;15;5;0;0;0;0;0;0;0;0;0;0;39;12;0;0;403;194;59;29;0;0;11;0;0;41501;71780;8375;44;302
17;1701;170128;1;2;1;6;1;0;0;0;0;40;31;96;96;20;6;0;0;0;0;0;0;0;0;0;0;0;0;0;0;0;0;0;0;0;0;0;0;0;0;0;0;0;0;221;216;81;27;458;376;22;18;10;14;11;10;0;83958;137371;14742;184;648
03;0301;030150;1;2;1;1;1;42;20;24;16;36;35;23;17;12;12;0;0;0;0;0;0;9;8;0;0;0;0;0;0;0;0;0;0;0;0;0;0;0;0;0;0;0;0;0;42;0;0;146;150;11;8;0;0;0;6;0;23580;39717;5714;45;275
09;0901;090112;1;2;1;3;1;11;11;8;8;6;6;6;6;6;6;0;0;0;0;0;0;0;0;0;0;0;0;0;0;0;0;0;0;0;0;0;0;0;0;0;0;0;0;0;0;0;0;37;37;5;5;0;0;0;0;0;3447;13542;862;2;24
01;0101;010107;1;2;1;3;1;10;12;10;7;3;2;5;4;0;0;0;0;0;0;0;0;6;5;0;0;0;0;0;0;0;0;0;0;0;0;0;0;0;0;0;0;0;0;0;0;0;0;34;30;5;0;0;0;0;3;0;1007;10736;361;1;1
11;1101;110103;1;2;1;1;1;55;55;50;50;51;51;44;44;30;30;0;0;0;0;0;0;0;0;0;0;0;0;0;0;0;0;0;0;12;12;0;0;0;0;0;0;0;0;0;0;0;0;242;242;27;10;0;0;0;4;0;35910;87053;6783;64;248
15;1501;150150;1;2;1;1;1;26;17;12;9;27;21;24;12;15;13;0;0;0;0;0;0;12;8;0;0;0;0;0;0;0;0;0;0;0;0;0;0;0;0;0;0;0;0;0;36;0;0;116;116;22;12;0;0;3;0;0;17901;36684;4989;29;96
24;2401;240102;1;2;1;1;1;26;26;23;23;22;22;15;15;10;10;0;0;0;0;0;0;0;0;0;0;0;0;0;0;0;0;0;0;0;0;0;0;0;0;0;0;0;0;0;0;0;0;96;96;9;7;0;0;6;9;13;17490;34456;3175;18;222
07;0701;070102;1;2;1;6;1;60;60;30;30;30;30;30;30;12;9;0;0;0;0;0;0;0;0;0;0;0;0;0;0;0;0;0;0;0;0;0;0;0;0;0;0;0;0;0;0;0;0;162;159;25;10;0;3;10;7;3;34261;58200;5362;41;374
11;1101;110104;1;2;1;6;1;10;9;19;19;16;11;13;12;10;10;5;6;4;3;3;3;15;14;0;0;2;2;2;2;5;5;5;6;0;0;2;2;5;6;3;2;1;1;9;7;0;0;129;120;13;12;3;3;3;12;2;22134;44004;4428;24;136
12;1201;120102;1;2;1;1;1;32;32;24;24;30;30;20;20;0;0;0;0;0;0;0;0;0;0;0;0;0;0;0;0;0;0;0;0;0;0;0;0;0;0;0;0;0;0;0;0;0;0;106;106;17;0;0;0;3;5;25;17976;38796;4664;13;57
09;0901;090112;1;2;1;1;1;55;70;0;0;0;0;41;17;0;0;0;0;0;0;0;0;0;0;0;0;0;0;0;0;0;0;0;0;0;0;0;0;0;0;0;0;0;0;0;0;0;0;96;87;0;0;0;0;0;0;0;19994;32059;3605;145;516
20;2001;200150;1;2;1;1;1;8;8;5;5;6;6;4;4;7;7;0;0;0;0;0;0;0;0;0;0;0;0;0;0;0;0;0;0;0;0;0;0;0;0;0;0;0;0;0;0;0;0;30;30;6;0;0;0;4;0;0;2398;10980;555;3;14
17;1701;170106;1;2;1;1;1;60;58;60;14;40;15;17;4;21;14;0;0;21;4;0;0;42;11;9;3;0;0;0;0;0;0;0;0;0;0;0;0;0;0;0;0;0;0;0;0;0;0;270;123;38;7;0;6;4;12;0;43750;52235;5979;110;646
13;1301;130101;1;2;1;6;1;27;27;10;10;11;11;20;20;9;9;8;8;6;6;2;2;4;4;2;2;0;0;3;3;2;2;5;5;0;0;2;2;4;4;1;1;1;1;20;20;0;0;137;137;19;9;0;2;0;9;0;25725;46834;4059;5;36
16;1601;160150;1;2;1;1;1;22;17;22;17;48;34;20;15;15;8;0;0;0;0;0;0;18;12;0;0;0;0;0;0;0;0;0;0;0;0;0;0;0;0;0;0;0;0;0;0;0;0;145;103;22;4;0;0;0;4;0;19535;34810;5019;21;75
06;0601;060104;1;2;1;1;1;50;49;52;51;72;68;25;24;15;15;0;0;0;0;0;0;0;0;0;0;0;0;0;0;0;0;0;0;6;4;0;0;0;0;0;0;0;0;0;0;0;0;220;211;21;5;0;0;2;16;4;36305;75414;8504;98;347
06;0601;060101;1;2;1;6;1;10;10;13;13;14;14;17;17;4;4;4;4;0;0;4;4;10;10;10;10;1;1;1;1;6;6;4;4;0;0;2;2;3;3;4;4;0;0;4;4;4;4;115;115;23;3;0;3;5;0;7;25539;42090;5409;124;272
13;1308;130802;1;2;1;1;1;50;38;38;26;50;41;34;20;16;15;0;0;0;0;0;0;14;8;10;8;0;0;0;0;0;0;0;0;8;7;0;0;0;0;0;0;0;0;0;0;0;0;220;163;13;8;0;0;4;0;21;31003;60563;6768;16;74
23;2301;230107;1;2;1;6;1;33;33;21;21;29;29;20;20;12;12;0;0;0;0;0;0;6;6;0;0;0;0;0;0;6;6;0;0;0;0;0;0;0;0;0;0;0;0;0;0;0;0;127;127;22;6;0;0;2;0;0;32269;48818;8508;136;293
07;0701;070102;1;2;1;1;1;37;47;26;9;39;12;31;9;16;6;0;0;0;0;0;0;19;7;0;0;0;0;0;0;0;0;0;0;6;1;0;0;0;0;0;0;0;0;0;0;0;0;174;91;29;12;0;0;0;0;0;23765;32981;4030;104;461
23;2301;230102;1;2;1;18;2;0;0;0;0;0;0;0;0;0;0;0;0;0;0;0;0;0;0;0;0;0;0;0;0;0;0;0;0;0;0;0;0;0;0;0;0;0;0;10;10;21;21;31;31;6;5;2;0;0;0;0;1354;11346;683;3;3
01;0101;010107;1;2;1;1;1;50;41;58;23;44;33;55;38;25;25;0;0;0;0;0;0;0;0;0;0;0;0;0;0;0;0;0;0;0;0;0;0;0;0;0;0;0;0;0;38;0;0;232;198;12;13;6;0;0;12;33;56282;59539;9176;109;512
07;0712;071201;1;4;1;1;1;0;0;0;0;38;38;0;0;20;20;0;0;0;0;0;0;0;0;0;0;0;0;0;0;0;0;0;0;0;0;0;0;0;0;0;0;0;0;0;0;0;0;58;58;7;2;0;6;0;2;12;14404;18474;3703;13;17
23;2301;230104;1;2;1;17;3;4;4;4;4;4;4;4;4;6;6;1;1;12;12;5;1;4;4;1;4;0;1;0;0;0;0;0;0;0;0;0;0;0;0;0;0;0;0;0;0;0;13;45;58;0;0;0;0;0;0;0;2164;21238;404;5;24
09;0901;090112;1;3;1;1;1;70;70;0;0;0;0;0;0;0;0;0;0;0;0;0;0;0;0;0;0;0;0;0;0;0;0;0;0;0;0;0;0;0;0;0;0;0;0;0;0;0;0;70;70;0;12;0;0;0;0;0;14491;25367;1795;36;215
18;1801;180102;1;1;5;11;1;9;9;12;12;16;16;5;5;3;3;1;1;0;0;0;0;2;2;0;0;0;0;3;3;0;0;3;3;0;0;0;0;0;0;0;0;0;0;0;0;0;0;54;54;7;0;0;0;0;4;2;2458;19764;1066;0;1
11;1101;110104;1;8;2;15;3;0;0;19;19;0;0;6;6;0;0;0;0;0;0;0;0;0;0;6;6;0;0;0;0;0;0;0;0;0;0;0;0;0;0;55;55;0;0;5;5;0;0;91;91;2;2;0;0;0;5;5;8831;33306;1700;5;50
08;0804;080455;2;12;3;18;2;0;0;0;0;0;0;0;0;0;0;0;0;0;0;0;0;0;0;0;0;0;0;0;0;0;0;0;0;0;0;0;0;0;0;0;0;0;0;0;0;14;14;14;14;2;0;0;0;0;2;0;40;5124;40;0;0
06;0601;060103;1;5;1;1;1;22;20;5;4;0;0;0;0;3;3;0;0;0;0;0;0;0;0;6;5;0;0;0;0;0;0;0;0;0;0;0;0;0;0;0;0;0;0;0;0;0;0;36;32;5;0;0;0;0;2;0;2973;10645;589;0;0
06;0601;060101;1;1;5;18;2;0;0;0;0;0;0;0;0;1;1;0;0;0;0;0;0;0;0;0;0;0;0;0;0;0;0;0;0;0;0;0;0;0;0;0;0;0;0;0;0;11;11;12;12;4;2;0;0;0;2;0;1475;4392;873;7;10
01;0101;010107;1;2;1;18;2;0;0;0;0;0;0;0;0;0;0;0;0;0;0;0;0;0;0;0;0;0;0;0;0;0;0;0;0;0;0;0;0;0;0;0;0;0;0;0;0;16;16;16;16;3;2;1;4;1;2;0;2851;5856;1613;16;6
05;0501;050104;1;12;3;18;2;0;0;0;0;0;0;0;0;2;2;0;0;0;0;0;0;0;0;0;0;0;0;0;0;0;0;0;0;0;0;0;0;0;0;0;0;0;0;0;0;12;12;14;14;0;0;0;0;0;0;0;372;5124;212;0;0
01;0101;010112;1;2;1;18;2;0;0;0;0;0;0;0;0;0;0;0;0;0;0;0;0;0;0;0;4;0;0;0;0;0;0;0;0;0;0;0;0;0;0;0;0;0;0;0;4;60;60;60;68;9;4;4;11;0;6;0;12041;24536;3650;21;46
09;0901;090109;1;6;2;13;3;0;0;0;0;0;0;0;0;0;0;0;0;0;0;143;146;0;0;0;0;0;0;0;0;0;0;0;0;0;0;0;0;0;0;0;0;0;0;0;0;0;0;143;146;0;0;0;0;0;0;0;35192;53403;768;0;4
17;1702;170202;1;1;5;17;3;0;0;2;2;2;2;1;1;0;0;0;0;0;0;0;0;0;0;0;0;0;0;0;0;0;0;0;0;0;0;0;0;0;0;0;0;0;0;0;0;2;2;7;7;0;0;0;0;0;0;0;451;2562;170;0;0
09;0928;092850;1;32;1;11;1;9;8;0;0;0;0;0;0;0;0;0;0;0;0;0;0;0;0;0;0;0;0;0;0;0;0;0;0;0;0;0;0;0;0;0;0;0;0;0;0;0;0;9;8;0;0;0;0;0;0;0;6;3294;6;0;0
23;2301;230107;1;2;1;18;2;0;0;0;0;0;0;0;0;4;4;0;0;0;0;0;0;0;0;0;0;0;0;0;0;0;0;0;0;0;0;0;0;0;0;0;0;0;0;1;1;46;46;51;51;6;6;0;1;6;0;2;22982;18666;2356;26;120
10;1001;100104;1;12;3;18;2;0;0;0;0;0;0;0;0;1;3;0;0;0;0;0;0;0;0;0;0;0;0;0;0;0;0;0;0;0;0;0;0;0;0;0;0;0;0;0;0;27;27;28;30;3;3;0;2;1;3;0;1883;10980;1143;1;2
17;1701;170123;1;12;3;18;2;0;0;0;0;0;0;0;0;0;0;0;0;0;0;0;0;0;0;0;0;0;0;0;0;0;0;0;0;0;0;0;0;0;0;0;0;0;0;0;0;28;28;28;28;2;6;1;4;3;0;6;5438;10248;2559;32;12
09;0901;090112;1;11;1;18;2;5;5;4;4;4;4;10;10;35;35;2;2;11;11;3;3;11;5;3;3;3;3;1;1;0;0;0;0;0;0;0;0;0;0;0;0;0;0;0;0;0;0;92;86;9;0;0;0;0;0;0;18532;31569;5359;22;102
09;0910;091050;1;32;1;18;2;2;2;3;3;5;5;0;0;0;0;0;0;0;0;0;0;0;0;0;0;0;0;0;0;2;2;0;0;0;0;0;0;0;0;0;0;0;0;0;0;0;0;12;12;0;0;0;0;0;0;0;431;4392;283;1;0
13;1308;130802;1;11;1;18;2;0;0;0;0;0;0;0;0;0;0;21;21;0;0;0;0;0;0;0;0;0;0;0;0;0;0;0;0;0;0;0;0;0;0;0;0;0;0;0;0;0;0;21;21;0;0;0;0;0;0;0;4592;17488;732;16;56
09;0904;090450;1;32;1;18;2;0;0;2;2;0;0;0;0;0;0;0;0;0;0;0;0;0;0;0;0;0;0;0;0;0;0;0;0;0;0;0;0;0;0;0;0;0;0;0;0;7;7;9;9;0;0;0;0;0;0;0;165;3294;165;0;0
13;1301;130102;1;8;2;15;3;0;0;31;28;0;0;14;14;0;0;0;0;0;0;0;0;0;0;0;0;0;0;0;0;0;0;0;0;0;0;0;0;0;0;0;0;0;0;55;53;0;0;100;95;9;7;0;0;0;0;19;23270;34966;3683;9;106
09;0901;090112;1;8;2;15;3;26;33;29;29;0;0;31;31;0;0;0;0;0;0;0;0;0;0;0;0;0;0;0;0;0;0;0;0;0;0;0;0;0;0;0;0;0;0;40;29;0;0;126;122;12;11;4;0;0;0;8;20654;44034;4024;17;104
17;1701;170129;1;8;2;15;3;0;0;52;52;0;0;42;39;0;0;0;0;0;0;0;0;0;0;12;12;0;0;0;0;0;0;0;0;0;0;0;0;0;0;32;32;0;0;12;12;0;0;150;147;0;10;0;0;0;8;0;26741;53652;5276;36;94
17;1701;170117;1;1;5;18;2;1;0;6;3;6;3;0;0;6;3;0;0;0;0;0;0;0;0;0;0;0;0;0;0;0;0;0;0;0;0;0;0;0;0;0;0;0;0;0;0;0;0;19;9;0;0;0;0;0;0;0;307;2907;212;0;1
13;1314;131401;1;1;5;18;2;12;12;6;6;6;6;3;3;3;3;0;0;0;0;0;0;0;0;0;0;0;0;0;0;0;0;0;0;0;0;0;0;0;0;0;0;0;0;0;0;0;0;30;30;0;0;0;0;0;0;0;143;9078;90;0;0
23;2301;230106;1;32;1;18;2;0;0;1;1;1;1;1;1;1;1;0;0;0;0;0;0;0;0;0;0;0;0;0;0;0;0;0;0;0;0;0;0;0;0;0;0;0;0;0;0;7;7;11;11;0;0;0;0;0;0;0;186;4026;169;0;0
18;1801;180156;2;8;2;15;3;0;0;0;0;0;0;0;0;0;0;0;0;0;0;0;0;0;0;0;0;0;0;0;0;0;0;0;0;0;0;0;0;0;0;0;0;0;0;56;56;0;0;56;56;0;4;0;0;0;0;0;5565;20496;1470;10;29
09;0901;090101;1;4;1;17;3;2;2;4;4;21;21;0;0;7;7;0;0;0;0;0;0;0;0;0;0;0;0;0;0;0;0;0;0;0;0;0;0;0;0;0;0;0;0;0;0;0;0;34;34;0;0;0;0;0;0;2;2851;13176;1739;0;0
09;0914;091452;2;32;1;17;3;0;0;0;0;0;0;0;0;0;0;0;0;0;0;0;0;0;0;0;0;0;0;0;0;0;0;0;0;0;0;0;0;0;0;0;0;0;0;0;0;7;7;7;7;0;0;0;0;0;0;0;46;2562;46;0;0
14;1401;140150;1;1;5;6;1;5;5;4;4;4;4;5;5;0;0;0;0;0;0;0;0;2;2;0;0;0;0;0;0;2;2;0;0;0;0;0;0;0;0;0;0;0;0;0;0;0;0;22;22;5;0;0;0;0;3;0;1187;8052;336;0;4
17;1701;170117;1;1;5;11;1;0;0;0;0;0;0;0;0;0;0;0;0;40;65;0;0;0;0;0;0;0;0;0;0;0;0;0;0;0;0;0;0;0;0;0;0;0;0;0;0;0;0;40;65;0;0;0;0;0;0;0;11868;24017;1082;2;35
17;1701;170151;2;11;1;17;3;0;0;0;0;0;0;0;0;0;0;0;0;0;0;86;86;0;0;0;0;0;0;0;0;0;0;0;0;0;0;0;0;0;0;0;0;0;0;85;85;0;0;171;171;0;0;0;0;0;0;0;71713;42376;321;5;79
11;1101;110103;1;4;1;11;1;0;0;0;0;11;11;2;2;2;2;0;0;0;0;0;0;0;0;0;0;0;0;0;0;0;0;0;0;0;0;0;0;0;0;0;0;0;0;0;0;0;0;15;15;0;0;0;0;0;0;0;606;5490;442;0;0
09;0901;090102;1;1;5;18;2;0;0;0;0;0;0;0;0;2;2;0;0;0;0;0;0;0;0;0;0;0;0;0;0;0;0;0;0;0;0;0;0;0;0;0;0;0;0;0;0;14;14;16;16;0;0;0;0;0;0;0;1316;5856;1266;0;1
17;1701;170127;1;12;3;17;3;0;0;11;11;0;0;0;0;0;0;0;0;0;0;0;0;0;0;0;0;0;0;0;0;0;0;0;0;0;0;0;0;0;0;0;0;0;0;0;0;0;0;11;11;0;0;0;0;0;0;0;437;4026;269;0;0
09;0901;090112;1;32;1;18;2;5;5;2;2;3;3;1;1;0;0;0;0;0;0;0;0;0;0;0;0;0;0;0;0;0;0;0;0;0;0;0;0;0;0;0;0;0;0;0;0;0;0;11;11;2;1;0;0;2;0;0;69;4026;56;0;0
17;1701;170121;1;12;3;18;2;0;0;0;0;0;0;5;5;0;0;0;0;0;0;0;0;0;0;0;0;0;0;0;0;0;0;0;0;0;0;0;0;0;0;0;0;0;0;0;0;5;5;10;10;0;0;0;0;0;0;0;391;3660;275;0;2
12;1201;120102;1;2;1;18;2;0;0;0;0;0;0;0;0;0;0;0;0;0;0;0;0;0;0;0;0;0;0;0;0;0;0;0;0;0;0;0;0;0;0;0;0;0;0;0;0;14;14;14;14;1;0;0;0;0;2;0;656;5124;648;0;0
17;1701;170131;1;12;3;18;2;0;0;0;0;0;0;0;0;0;0;0;0;0;0;0;0;0;0;0;0;0;0;0;0;0;0;0;0;0;0;0;0;0;0;0;0;0;0;0;0;8;8;8;8;0;0;0;0;0;0;0;1088;2562;640;1;0
18;1801;180101;1;1;5;17;3;17;17;17;17;17;17;17;17;17;17;17;17;17;17;17;17;17;17;17;17;17;17;17;17;17;17;17;17;0;0;0;0;0;0;0;0;0;0;0;0;0;0;238;238;0;0;0;0;0;0;0;1663;87108;538;1;5
04;0401;040101;1;12;3;18;2;0;0;0;0;0;0;0;0;0;0;0;0;0;0;0;0;0;0;0;0;0;0;0;0;0;0;0;0;0;0;0;0;0;0;0;0;0;0;0;0;6;6;6;6;1;0;0;0;0;0;0;391;2196;295;0;0
07;0701;070104;1;2;1;18;2;5;5;4;4;8;8;5;5;12;12;2;2;2;2;0;0;4;4;3;3;0;0;2;2;2;2;1;1;0;0;0;0;0;0;0;0;0;0;0;0;0;0;50;50;2;8;0;0;0;0;0;7701;18300;1265;6;37
09;0901;090102;1;4;1;18;2;0;0;0;0;40;0;30;0;0;0;0;0;0;0;0;0;0;0;0;0;0;0;0;0;0;0;0;0;0;0;0;0;0;0;0;0;0;0;0;0;35;35;105;35;2;2;0;0;1;0;0;310;12845;208;1;0
23;2301;230107;1;2;1;18;2;6;6;6;6;6;6;4;4;2;2;0;0;0;0;0;0;4;4;2;2;1;1;1;1;0;0;0;0;0;0;0;0;0;0;0;0;0;0;0;0;0;0;32;32;4;2;2;2;1;2;1;1506;11712;627;1;3
09;0910;091050;1;12;3;18;2;0;0;0;0;1;1;1;1;2;2;0;0;0;0;0;0;0;0;0;0;0;0;0;0;0;0;0;0;0;0;0;0;0;0;0;0;0;0;0;0;2;2;6;6;0;0;0;0;0;0;0;189;2196;105;0;1
17;1701;170127;1;1;5;18;2;0;0;0;0;0;0;0;0;0;0;0;0;0;0;0;0;0;0;0;0;0;0;0;0;0;0;0;0;0;0;0;0;0;0;0;0;0;0;0;0;10;10;10;10;3;0;0;0;0;4;0;2845;3660;1953;1;0
01;0101;010101;1;12;3;18;2;12;11;1;1;1;1;0;0;0;0;0;0;0;0;0;0;0;0;0;0;0;0;0;0;0;0;0;0;0;0;0;0;0;0;0;0;0;0;0;0;0;0;14;13;0;0;0;0;0;0;0;2080;4760;1133;4;8
09;0901;090105;1;32;1;18;2;1;1;1;1;0;0;1;1;0;0;0;0;0;0;0;0;0;0;1;1;0;0;0;0;0;0;0;0;0;0;0;0;0;0;0;0;0;0;0;0;4;4;8;8;0;0;0;0;0;0;1;177;2928;176;4;0
09;0910;091050;1;32;1;18;2;0;0;0;0;0;0;0;0;0;0;0;0;0;0;0;0;0;0;0;0;0;0;0;0;0;0;0;0;0;0;0;0;0;0;0;0;0;0;0;0;0;15;0;15;0;0;0;0;0;0;0;675;5500;312;0;0
01;0101;010103;1;1;5;18;2;0;0;0;0;0;0;0;0;0;0;0;0;0;0;0;0;0;0;0;0;0;0;0;0;0;0;0;0;0;0;0;0;0;0;0;0;0;0;0;0;12;12;12;12;4;0;0;0;0;2;3;1534;4392;792;0;0
03;0301;030102;1;1;5;18;2;0;0;0;0;0;0;0;0;0;0;0;0;0;0;0;0;0;0;0;0;0;0;0;0;0;0;0;0;0;0;0;0;0;0;0;0;0;0;0;0;11;11;11;11;2;0;0;0;0;1;1;1735;4026;1030;3;6
17;1701;170103;1;12;3;18;2;22;26;22;26;0;0;0;0;0;0;3;3;22;26;0;0;22;26;4;4;0;0;0;0;22;26;22;26;0;0;22;26;22;26;0;0;0;0;0;13;0;0;183;228;3;12;0;0;3;2;0;8040;82169;831;31;231
09;0901;090104;1;32;1;18;2;0;0;0;0;0;0;0;0;0;0;0;0;0;0;0;0;0;0;0;0;0;0;0;0;0;0;0;0;0;0;0;0;0;0;0;0;0;0;0;0;13;13;13;13;0;0;0;0;0;0;0;18;4758;18;0;0
17;1701;170124;1;12;3;18;2;0;0;0;0;0;0;0;0;0;0;0;0;0;0;0;0;0;0;0;0;0;0;0;0;0;0;0;0;0;0;0;0;0;0;0;0;0;0;0;0;30;30;30;30;0;0;0;0;0;0;0;8965;10980;1495;24;99
24;2401;240102;1;1;5;17;3;7;7;4;4;8;8;8;8;0;0;0;0;0;0;0;0;0;0;0;0;0;0;0;0;0;0;0;0;0;0;0;0;0;0;0;0;0;0;0;0;0;0;27;27;0;0;0;0;0;0;0;653;9882;542;0;0
09;0916;091650;1;1;5;18;2;6;6;1;1;2;2;0;0;0;0;0;0;0;0;0;0;0;0;0;0;0;0;0;0;0;0;0;0;0;0;0;0;0;0;0;0;0;0;0;0;0;0;9;9;0;0;0;0;0;0;0;924;3294;425;0;0
09;0901;090105;1;1;5;18;2;0;0;0;0;0;0;0;0;0;0;0;0;0;0;0;0;0;0;0;0;0;0;0;0;0;0;0;0;0;0;0;0;0;0;0;0;0;0;0;0;11;11;11;11;0;0;0;0;0;0;0;1804;4334;1716;1;0
10;1002;100202;1;12;3;18;2;0;0;0;0;0;0;0;0;0;0;0;0;0;0;0;0;0;0;0;0;0;0;0;0;0;0;0;0;0;0;0;0;0;0;0;0;0;0;0;0;7;7;7;7;0;0;0;0;0;0;0;341;2562;181;1;3
15;1501;150150;1;12;3;18;2;0;0;0;0;0;0;0;0;0;0;0;0;0;0;0;0;0;0;0;0;0;0;0;0;0;0;0;0;0;0;0;0;0;0;0;0;0;0;0;0;2;2;2;2;1;0;0;0;0;0;0;154;730;105;0;0
17;1701;170114;1;12;3;18;2;0;0;0;0;0;0;0;0;2;2;0;0;0;0;0;0;0;0;0;0;0;0;0;0;0;0;0;0;0;0;0;0;0;0;0;0;0;0;0;0;7;7;9;9;0;0;0;0;0;0;0;769;3294;440;0;2
09;0907;090702;1;12;3;18;2;0;0;2;2;2;2;0;0;0;0;0;0;0;0;0;0;0;0;0;0;0;0;0;0;0;0;0;0;0;0;0;0;0;0;0;0;0;0;0;0;0;0;4;4;0;0;0;0;0;0;0;54;1464;47;0;0
09;0904;090450;1;11;1;18;2;0;0;0;0;0;0;4;4;0;0;0;0;0;0;0;0;0;0;0;0;0;0;0;0;0;0;0;0;0;0;0;0;0;0;0;0;0;0;0;0;10;10;14;14;0;0;0;0;0;0;1;217;5110;89;0;2
13;1322;132250;1;1;5;18;2;4;4;4;4;3;3;3;3;0;0;0;0;0;0;0;0;0;0;0;0;0;0;0;0;0;0;0;0;0;0;0;0;0;0;0;0;0;0;0;0;0;0;14;14;0;0;0;0;0;0;0;134;5124;80;0;0
14;1401;140150;1;12;3;18;2;0;0;0;0;0;0;0;0;0;0;0;0;0;0;0;0;0;0;0;0;0;0;0;0;0;0;0;0;0;0;0;0;0;0;0;0;0;0;0;0;8;8;8;8;3;0;0;0;1;1;0;475;2928;325;3;1
17;1701;170121;1;12;3;18;2;0;0;0;0;0;0;0;0;0;0;0;0;0;0;0;0;0;0;0;0;0;0;0;0;0;0;0;0;0;0;0;0;0;0;0;0;0;0;0;0;8;8;8;8;0;0;0;0;0;0;0;488;2928;310;0;0
17;1701;170112;1;12;3;18;2;0;0;0;0;25;25;0;0;17;17;0;0;0;0;0;0;0;0;0;0;0;0;0;0;0;0;0;0;0;0;0;0;0;0;0;0;0;0;0;0;0;0;42;42;3;2;0;4;6;5;0;3386;12444;1857;0;0
13;1303;130301;1;32;1;18;2;1;1;2;2;2;2;0;0;0;0;0;0;0;0;0;0;0;0;0;0;0;0;0;0;0;0;0;0;0;0;0;0;0;0;0;0;0;0;0;0;0;0;5;5;0;0;0;0;0;0;0;143;1825;137;0;0
09;0906;090650;1;1;5;18;2;0;0;0;0;0;0;0;0;0;0;0;0;0;0;0;0;0;0;0;0;0;0;0;0;0;0;0;0;0;0;0;0;0;0;0;0;0;0;0;0;15;15;15;15;0;0;0;0;0;0;0;490;5040;484;0;0
09;0901;090111;1;32;1;18;2;0;0;0;0;0;0;0;0;0;0;0;0;0;0;0;0;0;0;0;0;0;0;0;0;0;0;0;0;0;0;0;0;0;0;0;0;0;0;0;0;7;7;7;7;3;0;0;0;0;0;0;309;2562;192;0;0
17;1705;170550;1;12;3;18;2;0;0;0;0;0;0;0;0;0;0;0;0;0;0;0;0;0;0;0;0;0;0;0;0;0;0;0;0;0;0;0;0;0;0;0;0;0;0;0;0;16;16;16;16;0;0;0;0;0;0;0;3897;5856;1533;6;20
08;0804;080450;1;12;3;18;2;8;3;2;3;3;3;1;2;1;2;1;1;0;0;0;0;1;0;0;0;0;0;0;0;0;0;0;0;0;0;0;0;0;0;0;0;0;0;0;0;0;0;17;14;0;0;0;0;0;0;0;127;5059;127;0;0
09;0901;090103;1;1;5;18;2;0;0;0;0;0;0;0;0;0;0;0;0;0;0;0;0;5;5;0;0;0;0;0;0;0;0;0;0;0;0;0;0;0;0;0;0;0;0;0;0;12;12;17;17;0;0;0;0;0;0;0;826;6052;419;0;1
01;0101;010105;1;1;5;18;2;11;11;0;0;0;0;0;0;0;0;0;0;0;0;0;0;0;0;0;0;0;0;0;0;0;0;0;0;0;0;0;0;0;0;0;0;0;0;0;0;0;0;11;11;5;0;0;0;0;2;0;988;4026;495;4;2
09;0901;090102;1;32;1;18;2;3;3;3;3;5;5;0;0;0;0;0;0;0;0;0;0;0;0;0;0;0;0;0;0;0;0;0;0;0;0;0;0;0;0;0;0;0;0;0;0;0;0;11;11;0;0;0;0;0;0;1;1243;4040;1210;2;0
09;0901;090104;1;32;1;18;2;0;0;0;0;5;5;0;0;0;0;0;0;0;0;0;0;0;0;0;0;0;0;0;0;0;0;0;0;0;0;0;0;0;0;0;0;0;0;0;0;0;0;5;5;0;0;0;0;0;0;0;529;1830;520;0;0
09;0901;090114;1;32;1;18;2;0;0;0;0;0;0;0;0;0;0;0;0;0;0;0;0;0;0;0;0;0;0;0;0;0;0;0;0;0;0;0;0;0;0;0;0;0;0;0;0;10;10;10;10;0;0;0;0;0;0;0;532;3776;258;0;0
09;0910;091050;1;32;1;18;2;8;8;2;2;0;0;1;1;0;0;0;0;0;0;0;0;0;0;0;0;0;0;0;0;0;0;0;0;0;0;0;0;0;0;0;0;0;0;0;0;2;2;13;13;0;0;0;0;0;0;0;320;4758;309;0;0
13;1301;130102;1;1;5;18;2;4;4;2;2;2;2;1;1;0;0;1;1;0;0;0;0;0;0;0;0;0;0;0;0;0;0;0;0;0;0;0;0;0;0;0;0;0;0;0;0;0;0;10;10;2;0;0;0;0;2;0;862;3660;860;56;0
09;0901;090112;1;32;1;18;2;0;0;0;0;0;0;0;0;0;0;0;0;0;0;0;0;0;0;0;0;0;0;0;0;0;0;0;0;0;0;0;0;0;0;0;0;0;0;0;0;10;10;10;10;0;0;0;0;0;0;0;232;3660;114;0;0
07;0707;070701;1;12;3;18;2;0;0;0;0;0;0;0;0;0;0;0;0;0;0;0;0;0;0;0;0;0;0;0;0;0;0;0;0;0;0;0;0;0;0;0;0;0;0;0;0;5;5;5;5;0;0;0;0;0;0;0;243;1830;202;0;0
03;0301;030102;1;1;5;18;2;0;0;0;0;0;0;0;0;0;0;0;0;0;0;0;0;0;0;0;0;0;0;0;0;0;0;0;0;0;0;0;0;0;0;0;0;0;0;0;0;11;11;11;11;2;0;0;0;2;2;0;2040;4026;1022;10;18
17;1701;170127;1;12;3;18;2;0;0;0;0;0;0;0;0;0;0;0;0;0;0;0;0;0;0;0;0;0;0;0;0;0;0;0;0;0;0;0;0;0;0;0;0;0;0;0;0;15;15;15;15;0;0;0;0;0;0;0;2211;5490;989;2;5
17;1701;170112;1;12;3;18;2;0;0;0;0;0;0;2;2;0;0;0;0;0;0;0;0;0;0;0;0;0;0;0;0;0;0;0;0;0;0;0;0;0;0;0;0;0;0;0;0;10;10;12;12;1;0;0;0;0;1;0;965;4380;534;0;0
07;0701;070102;1;1;5;18;2;0;0;0;0;0;0;0;0;0;0;0;0;0;0;0;0;0;0;0;0;0;0;0;0;0;0;0;0;0;0;0;0;0;0;0;0;0;0;0;0;11;11;11;11;2;1;1;2;2;2;0;500;4036;242;0;2
07;0701;070101;1;1;5;18;2;0;0;0;0;0;0;0;0;0;0;0;0;0;0;0;0;0;0;0;0;0;0;0;0;0;0;0;0;0;0;0;0;0;0;0;0;0;0;0;0;7;7;7;7;0;0;0;0;0;0;2;634;2562;543;1;1
09;0901;090112;1;32;1;18;2;0;0;0;0;0;0;0;0;0;0;0;0;0;0;0;0;0;0;0;0;0;0;0;0;0;0;0;0;0;0;0;0;0;0;0;0;0;0;0;0;10;10;10;10;0;0;0;0;0;0;0;16;3660;7;1;0
17;1701;170115;1;12;3;18;2;0;0;0;0;0;0;0;0;0;0;0;0;0;0;0;0;0;0;0;0;0;0;0;0;0;0;0;0;0;0;0;0;0;0;0;0;0;0;1;1;8;8;9;9;0;0;0;0;0;0;0;559;3294;281;2;1
17;1701;170103;1;12;3;18;2;0;0;0;0;0;0;0;0;0;0;0;0;0;0;0;0;0;0;0;0;0;0;0;0;0;0;0;0;0;0;0;0;0;0;0;0;0;0;0;0;0;0;0;0;1;16;0;0;5;1;0;3321;2109;336;14;82
09;0910;091050;1;32;1;18;2;0;0;0;0;9;9;0;0;0;0;0;0;0;0;0;0;0;0;0;0;0;0;0;0;0;0;0;0;0;0;0;0;0;0;0;0;0;0;0;0;0;0;9;9;0;0;0;0;0;0;0;973;3294;886;0;0
13;1308;130850;1;2;1;18;2;5;5;2;2;2;2;0;0;0;0;0;0;0;0;0;0;1;1;0;0;0;0;0;0;2;2;1;1;0;0;0;0;0;0;0;0;0;0;0;0;0;0;13;13;0;5;0;0;0;0;0;3946;4758;447;4;19
09;0901;090107;1;32;1;18;2;0;0;0;0;0;0;0;0;0;0;0;0;0;0;0;0;0;0;0;0;0;0;0;0;0;0;0;0;0;0;0;0;0;0;0;0;0;0;0;0;6;6;6;6;0;0;0;0;0;0;0;63;2196;44;0;0
09;0901;090102;1;32;1;18;2;0;0;0;0;0;0;0;0;0;0;0;0;0;0;0;0;0;0;0;0;0;0;0;0;0;0;0;0;0;0;0;0;0;0;0;0;0;0;0;0;14;14;14;14;0;0;0;0;0;0;0;15;5122;13;0;0
09;0911;091150;1;32;1;18;2;0;0;0;0;3;3;0;0;0;0;0;0;0;0;0;0;0;0;0;0;0;0;0;0;0;0;0;0;0;0;0;0;0;0;0;0;0;0;0;0;2;2;5;5;0;0;0;0;0;0;0;442;1830;244;0;1
09;0901;090112;1;32;1;18;2;0;0;0;0;0;0;0;0;0;0;0;0;0;0;0;0;0;0;0;0;0;0;0;0;0;0;0;0;0;0;0;0;0;0;0;0;0;0;0;0;13;13;13;13;0;0;0;0;0;0;1;230;4758;216;0;0
09;0914;091450;1;32;1;17;3;0;0;0;0;0;0;0;0;0;0;0;0;0;0;0;0;0;0;0;0;0;0;0;0;0;0;0;0;0;0;0;0;0;0;0;0;0;0;0;0;8;8;8;8;0;0;0;0;0;0;0;30;2928;30;0;0
07;0701;070101;1;1;5;18;2;0;0;0;0;0;0;0;0;0;0;0;0;0;0;0;0;0;0;0;0;0;0;0;0;0;0;0;0;0;0;0;0;0;0;0;0;0;0;0;0;18;18;18;18;2;0;0;0;0;0;0;1546;6588;765;1;0
07;0706;070650;1;12;3;18;2;0;0;0;0;3;3;0;0;0;0;0;0;0;0;0;0;0;0;0;0;0;0;0;0;0;0;0;0;0;0;0;0;0;0;0;0;0;0;0;0;3;3;6;6;1;0;0;0;0;0;0;49;2196;49;0;0
07;0701;070102;1;1;5;18;2;0;0;2;2;5;5;0;0;2;2;0;0;0;0;0;0;0;0;0;0;0;0;0;0;0;0;0;0;0;0;0;0;0;0;0;0;0;0;0;0;1;1;10;10;2;0;0;0;0;2;0;85;3660;68;0;0
01;0101;010110;1;2;1;18;2;0;0;0;0;0;0;0;0;0;0;0;0;0;0;0;0;0;0;0;0;0;0;0;0;0;0;0;0;0;0;0;0;0;0;0;0;0;0;0;0;10;10;10;10;3;4;0;7;0;2;2;2027;18490;914;0;6
07;0707;070701;1;1;5;18;2;2;2;0;0;0;0;1;1;0;0;0;0;0;0;0;0;0;0;0;0;0;0;0;0;0;0;0;0;0;0;0;0;0;0;0;0;0;0;0;0;3;3;6;6;0;0;0;0;0;0;0;146;2196;75;0;0
09;0901;090114;1;32;1;18;2;7;7;0;0;0;0;0;0;0;0;0;0;0;0;0;0;0;0;0;0;0;0;0;0;0;0;0;0;0;0;0;0;0;0;0;0;0;0;0;0;0;0;7;7;0;0;0;0;0;0;0;108;2562;55;0;0
09;0901;090112;1;1;5;18;2;0;0;20;20;6;6;2;2;0;0;0;0;0;0;0;0;2;2;0;0;0;0;0;0;0;0;0;0;0;0;0;0;0;0;0;0;0;0;0;0;0;0;30;30;0;0;0;0;0;0;0;1033;10980;839;1;0
07;0701;070104;1;12;3;18;2;2;2;1;1;2;2;0;0;0;0;0;0;0;0;0;0;0;0;0;0;0;0;0;0;0;0;0;0;0;0;0;0;0;0;0;0;0;0;0;0;0;0;5;5;0;0;0;0;0;0;0;192;1830;161;1;0
09;0920;092056;2;32;1;18;2;8;8;1;1;1;1;0;0;1;1;0;0;0;0;0;0;0;0;0;0;0;0;0;0;0;0;0;0;0;0;0;0;0;0;0;0;0;0;0;0;0;0;11;11;0;0;0;0;0;0;0;362;4026;329;0;0
12;1201;120102;1;32;1;18;2;6;6;0;0;0;0;0;0;0;0;0;0;0;0;0;0;0;0;0;0;0;0;0;0;0;0;0;0;0;0;0;0;0;0;0;0;0;0;0;0;0;0;6;6;0;0;0;0;0;0;1;59;2196;42;0;0
06;0601;060101;1;12;3;18;2;0;0;0;0;0;0;0;0;4;4;0;0;0;0;0;0;1;1;0;0;0;0;0;0;0;0;0;0;0;0;0;0;0;0;0;0;0;0;0;0;0;15;5;20;0;0;0;0;0;0;0;1038;7320;398;3;0
11;1101;110102;1;1;5;18;2;0;0;0;0;0;0;1;1;2;0;0;0;0;0;0;0;0;0;0;0;0;0;0;0;0;0;0;0;0;0;0;0;0;0;0;0;0;0;0;0;11;8;14;9;1;3;0;0;0;1;0;1724;3355;613;3;8
09;0901;090112;1;1;5;18;2;0;0;1;1;0;0;0;0;0;0;0;0;0;0;0;0;0;0;0;0;0;0;0;0;0;0;0;0;0;0;0;0;0;0;0;0;0;0;0;0;8;8;9;9;0;0;0;0;0;0;1;197;3294;166;3;0
09;0901;090112;1;1;5;18;2;0;0;3;3;1;1;1;1;0;0;0;0;0;0;0;0;4;4;0;0;0;0;0;0;0;0;0;0;0;0;0;0;0;0;0;0;0;0;0;0;0;0;9;9;4;0;0;0;0;0;1;688;3294;341;0;0
09;0904;090450;1;1;5;18;2;2;2;1;1;2;2;1;1;0;0;0;0;0;0;0;0;0;0;0;0;0;0;0;0;0;0;0;0;0;0;0;0;0;0;0;0;0;0;0;0;0;0;6;6;0;0;0;0;0;0;0;152;2196;152;0;0
11;1101;110104;1;1;5;18;2;0;0;0;0;0;0;0;0;3;3;0;0;0;0;0;0;0;0;0;0;0;0;0;0;0;0;0;0;0;0;0;0;0;0;0;0;0;0;0;0;12;12;15;15;2;3;0;0;0;0;0;1585;5490;660;0;2
17;1701;170114;1;16;2;18;2;0;0;0;0;0;0;0;0;0;0;0;0;0;0;38;38;0;0;0;0;0;0;0;0;0;0;0;0;0;0;0;0;0;0;0;0;0;0;0;0;0;0;38;38;2;0;0;0;0;0;4;14188;13870;175;0;0
17;1701;170101;1;12;3;18;2;0;0;0;0;0;0;0;0;0;0;0;0;0;0;26;26;0;0;0;0;0;0;0;0;0;0;0;0;0;0;0;0;0;0;0;0;0;0;83;83;0;0;109;109;0;0;0;0;0;0;0;16953;39894;246;6;52
09;0901;090106;1;1;5;18;2;0;0;0;0;0;0;0;0;0;0;0;0;0;0;0;0;0;0;0;0;0;0;0;0;0;0;0;0;0;0;0;0;0;0;0;0;0;0;0;0;10;10;10;10;0;0;0;0;0;0;0;434;3660;116;0;0
09;0901;090104;1;32;1;18;2;0;0;0;0;0;0;0;0;0;0;0;0;0;0;0;0;0;0;0;0;0;0;0;0;0;0;0;0;0;0;0;0;0;0;0;0;0;0;0;0;8;8;8;8;1;1;0;0;0;0;1;28;2928;8;0;0
17;1701;170121;1;12;3;18;2;0;0;0;0;0;0;0;0;2;2;0;0;0;0;0;0;0;0;0;0;0;0;0;0;0;0;0;0;0;0;0;0;0;0;0;0;0;0;0;0;10;10;12;12;0;5;0;0;0;0;0;1657;3660;356;8;31
17;1701;170113;1;12;3;18;2;0;0;0;0;0;0;0;0;0;0;0;0;0;0;0;0;0;0;0;0;0;0;0;0;0;0;0;0;0;0;0;0;0;0;0;0;0;0;0;0;21;16;21;16;0;0;0;0;0;0;0;2084;5850;993;52;24
08;0801;080103;1;12;3;18;2;0;0;0;0;0;0;0;0;1;1;0;0;0;0;0;0;0;0;0;0;0;0;0;0;0;0;0;0;0;0;0;0;0;0;0;0;0;0;0;0;10;10;11;11;0;1;0;0;1;0;0;273;4015;181;0;0
07;0701;070102;1;1;5;18;2;1;1;5;5;2;2;0;0;0;0;0;0;0;0;0;0;0;0;0;0;0;0;0;0;0;0;0;0;0;0;0;0;0;0;0;0;0;0;0;0;0;0;8;8;0;0;0;0;1;1;0;171;2928;88;0;0
17;1701;170124;1;12;3;18;2;0;0;0;0;0;0;0;0;8;8;0;0;0;0;0;0;0;0;0;0;0;0;0;0;0;0;0;0;0;0;0;0;0;0;0;0;0;0;0;0;10;10;18;18;0;0;0;0;0;0;0;1185;6552;1141;1;0
23;2301;230101;1;32;1;18;2;0;0;0;0;0;0;0;0;0;0;0;0;0;0;0;0;0;0;0;0;0;0;0;0;0;0;0;0;0;0;0;0;0;0;0;0;0;0;0;0;5;5;5;5;0;0;0;0;0;0;0;177;1830;176;0;0
09;0901;090112;1;1;5;18;2;0;0;0;0;0;0;0;0;0;0;0;0;0;0;0;0;0;0;0;0;0;0;0;0;0;0;0;0;0;0;0;0;0;0;0;0;0;0;0;0;24;24;24;24;4;0;0;0;0;0;24;5123;8784;2127;2;3
06;0601;060101;1;12;3;18;2;1;1;2;2;1;1;2;2;1;1;1;1;0;0;0;0;1;1;1;1;0;0;0;0;0;0;1;1;0;0;0;0;0;0;0;0;0;0;0;0;0;0;11;11;1;0;0;0;1;1;1;377;3726;243;0;1
09;0907;090701;1;32;1;18;2;9;9;0;0;0;0;0;0;3;3;0;0;0;0;0;0;0;0;0;0;0;0;0;0;0;0;0;0;0;0;0;0;0;0;0;0;0;0;0;0;0;0;12;12;0;0;0;0;0;0;0;46;4392;25;0;0
08;0804;080450;1;12;3;18;2;0;0;0;0;0;0;0;0;0;0;0;0;0;0;0;0;0;0;0;0;0;0;0;0;0;0;0;0;0;0;0;0;0;0;0;0;0;0;0;0;11;11;11;11;3;0;0;0;0;0;2;774;4026;416;0;0
17;1701;170101;1;12;3;18;2;0;0;0;0;0;0;0;0;0;0;0;0;0;0;0;0;0;0;0;0;0;0;0;0;0;0;0;0;0;0;0;0;0;0;0;0;0;0;0;0;10;10;10;10;0;0;0;0;0;0;0;1150;3660;658;0;0
13;1301;130108;1;17;1;18;2;2;2;0;0;3;3;4;4;0;0;2;2;0;0;0;0;2;2;2;2;0;0;0;0;2;2;2;2;0;0;0;0;0;0;0;0;0;0;5;5;0;0;24;24;6;7;5;4;2;3;1;3180;8784;1473;17;11
09;0906;090601;1;1;5;18;2;4;4;0;0;8;8;0;0;0;0;0;0;0;0;0;0;0;0;0;0;0;0;0;0;0;0;0;0;0;0;0;0;0;0;0;0;0;0;0;0;0;0;12;12;0;0;0;0;0;0;0;692;4392;690;0;0
09;0901;090101;1;2;1;18;2;0;0;3;3;0;0;0;0;0;0;0;0;0;0;0;0;0;0;0;0;0;0;0;0;0;0;0;0;0;0;0;0;0;0;0;0;0;0;0;0;12;12;15;15;3;0;0;0;0;0;1;958;5490;668;2;6
11;1101;110101;1;1;5;18;2;0;0;0;0;0;0;0;0;2;2;0;0;0;0;0;0;0;0;0;0;0;0;0;0;0;0;0;0;0;0;0;0;0;0;0;0;0;0;0;0;15;15;17;17;5;0;0;0;0;1;0;1472;6222;712;2;3
09;0901;090108;1;1;5;18;2;0;0;0;0;0;0;0;0;0;0;0;0;0;0;0;0;0;0;0;0;0;0;0;0;0;0;0;0;0;0;0;0;0;0;0;0;0;0;0;0;8;8;8;8;0;0;0;0;0;0;0;221;2928;135;0;1
11;1101;110102;1;1;5;18;2;0;0;0;0;0;0;0;0;0;0;0;0;0;0;0;0;0;0;4;4;0;0;0;0;0;0;0;0;0;0;0;0;0;0;0;0;0;0;0;0;15;15;19;19;3;3;0;0;0;1;0;1566;6954;663;3;5
09;0901;090102;1;32;1;18;2;3;3;4;4;6;6;0;0;8;8;0;0;0;0;0;0;0;0;0;0;0;0;0;0;0;0;0;0;0;0;0;0;0;0;0;0;0;0;0;0;0;0;21;21;0;0;0;0;0;0;0;157;7686;82;0;0
01;0103;010350;1;1;5;18;2;0;0;0;0;0;0;0;0;0;0;0;0;0;0;0;0;0;0;0;0;0;0;0;0;0;0;0;0;0;0;0;0;0;0;0;0;0;0;0;0;8;8;8;8;1;0;0;0;0;1;1;930;2928;546;1;1
11;1101;110104;1;1;5;18;2;0;0;0;0;0;0;0;0;0;0;0;0;0;0;0;0;0;0;0;0;0;0;0;0;0;0;0;0;0;0;0;0;0;0;0;0;0;0;0;0;9;9;9;9;1;0;0;0;0;2;0;5;3294;5;0;0
23;2301;230107;1;32;1;18;2;0;0;2;2;3;3;0;0;0;0;0;0;0;0;0;0;0;0;0;0;0;0;0;0;0;0;0;0;0;0;0;0;0;0;0;0;0;0;0;0;0;0;5;5;0;0;0;0;0;0;0;116;1830;116;0;0
09;0906;090650;1;1;5;18;2;9;9;2;2;1;1;0;0;5;5;0;0;0;0;0;0;0;0;0;0;0;0;0;0;0;0;0;0;0;0;0;0;0;0;0;0;0;0;0;0;0;0;17;17;4;0;0;0;0;0;1;448;6222;374;0;0
09;0901;090112;1;32;1;18;2;0;0;2;2;1;1;0;0;0;0;0;0;0;0;0;0;0;0;0;0;0;0;0;0;0;0;2;2;0;0;0;0;0;0;0;0;0;0;1;1;4;2;10;8;0;0;0;0;0;0;0;23;3660;20;1;0
11;1102;110201;1;12;3;18;2;5;5;2;2;2;2;1;1;4;4;0;0;2;2;0;0;1;1;0;0;0;0;0;0;0;0;0;0;0;0;0;0;0;0;0;0;0;0;0;0;0;0;17;17;1;0;0;0;0;0;0;585;6222;362;13;0
13;1308;130804;1;12;3;18;2;1;1;1;1;7;7;0;0;0;0;0;0;0;0;0;0;0;0;0;0;0;0;0;0;0;0;0;0;0;0;0;0;0;0;0;0;0;0;0;0;0;0;9;9;0;0;0;0;0;0;0;117;3294;98;0;0
09;0901;090108;1;1;5;18;2;0;0;0;0;0;0;0;0;0;0;0;0;0;0;0;0;0;0;0;0;0;0;0;0;0;0;0;0;0;0;0;0;0;0;0;0;0;13;0;0;18;0;18;13;0;0;0;0;0;0;0;433;5124;329;1;0
23;2301;230106;1;32;1;18;2;0;0;0;0;0;0;0;0;0;0;0;0;0;0;0;0;0;0;0;0;0;0;0;0;0;0;0;0;0;0;0;0;0;0;0;0;0;0;0;0;4;4;4;4;0;0;0;0;0;0;0;183;1464;183;1;0
18;1801;180104;1;12;3;18;2;4;4;2;2;4;4;2;2;0;0;0;0;0;0;0;0;0;0;0;0;0;0;0;0;0;0;0;0;0;0;0;0;0;0;0;0;0;0;0;0;10;10;22;22;0;0;0;0;0;0;0;545;8052;361;1;1
24;2402;240250;1;1;5;17;3;6;6;2;2;5;5;3;3;0;0;0;0;0;0;0;0;0;0;0;0;0;0;0;0;0;0;0;0;0;0;0;0;0;0;0;0;0;0;0;0;0;0;16;16;0;0;0;0;0;0;0;1047;5856;464;0;3
09;0912;091250;1;1;5;18;2;11;11;2;2;0;0;0;0;0;0;0;0;0;0;0;0;0;0;0;0;0;0;0;0;0;0;0;0;0;0;0;0;0;0;0;0;0;0;0;0;0;0;13;13;0;0;0;0;0;0;0;1697;4758;833;1;0
01;0101;010114;1;12;3;18;2;0;0;0;0;0;0;0;0;0;0;0;0;0;0;0;0;0;0;0;0;0;0;0;0;0;0;0;0;0;0;0;0;0;0;0;0;0;0;0;0;4;4;4;4;1;0;0;0;0;1;0;150;1525;78;0;1
24;2403;240352;2;1;5;18;2;15;15;2;2;3;3;0;0;1;1;0;0;0;0;0;0;0;0;0;0;0;0;0;0;0;0;0;0;0;0;0;0;0;0;0;0;0;0;0;0;0;0;21;21;0;0;0;0;0;0;0;576;7686;558;1;0
13;1308;130802;1;12;3;18;2;0;0;0;0;0;0;0;0;0;0;0;0;0;0;0;0;0;0;0;0;0;0;0;0;0;0;0;0;0;0;0;0;0;0;0;0;0;0;0;0;20;20;20;20;0;0;0;0;0;0;0;4209;7320;708;5;25
23;2301;230106;1;32;1;18;2;0;0;0;0;0;0;0;0;0;0;0;0;0;0;0;0;0;0;0;0;0;0;0;0;0;0;0;0;0;0;0;0;0;0;0;0;0;0;0;0;10;10;10;10;0;0;0;0;0;0;0;38;3660;23;0;0
09;0910;091050;1;1;5;18;2;0;0;0;0;2;2;0;0;3;3;0;0;0;0;0;0;0;0;0;0;0;0;0;0;0;0;0;0;0;0;0;0;0;0;0;0;5;5;0;0;7;7;17;17;0;0;0;0;0;0;0;690;6222;604;1;0
17;1708;170850;1;1;5;17;3;0;0;0;0;4;4;4;4;2;2;0;0;0;0;0;0;0;0;0;0;0;0;0;0;0;0;0;0;0;0;0;0;0;0;0;0;0;0;0;0;13;13;23;23;5;0;0;0;0;0;0;1403;8418;455;0;1
17;1701;170112;1;12;3;18;2;0;0;0;0;0;0;0;0;0;0;0;0;0;0;0;0;0;0;0;0;0;0;0;0;0;0;0;0;0;0;0;0;0;0;0;0;0;0;0;0;9;9;9;9;0;0;0;0;0;0;0;1196;3294;427;0;0
17;1701;170130;1;12;3;18;2;0;0;0;0;0;0;0;0;1;11;0;0;0;0;0;0;0;0;0;0;0;0;0;0;0;0;0;0;0;0;0;0;0;0;0;0;0;0;0;0;12;17;13;28;2;8;0;0;0;0;0;9688;10466;905;6;62
17;1701;170103;1;1;5;17;3;0;0;0;0;0;0;0;0;0;0;0;0;0;0;0;0;0;0;0;0;0;0;0;0;0;0;0;0;0;0;0;0;0;0;0;0;0;0;0;0;10;10;10;10;0;0;0;0;0;0;0;566;3650;322;0;0
09;0901;090114;1;11;1;18;2;0;0;0;0;0;0;0;0;0;0;0;0;0;0;0;0;0;0;0;0;0;0;0;0;0;0;0;0;0;0;0;0;0;0;0;0;0;0;0;0;131;131;131;131;0;0;0;0;0;0;0;27898;47976;6352;38;222
17;1701;170101;1;11;1;18;2;0;0;0;0;0;0;0;0;0;0;0;0;0;0;0;0;0;0;0;0;0;0;0;0;0;0;0;0;0;0;0;0;0;0;0;0;0;0;0;0;12;12;12;12;0;4;0;0;0;0;0;1527;4392;403;5;24
06;0601;060103;1;2;1;3;1;15;15;4;4;6;6;5;5;0;0;0;0;0;0;0;0;5;5;0;0;0;0;0;0;0;0;0;0;0;0;0;0;0;0;0;0;0;0;0;0;0;0;35;35;3;0;0;0;0;0;0;2778;12810;341;0;1
16;1601;160150;1;1;5;3;1;12;12;4;4;4;4;3;3;0;0;0;0;0;0;0;0;0;0;0;0;0;0;0;0;0;0;0;0;0;0;0;0;0;0;0;0;0;0;0;0;0;0;23;23;2;0;0;0;0;0;0;131;8418;46;0;0
07;0709;070903;1;1;5;3;1;13;13;4;4;4;4;4;4;0;0;0;0;0;0;0;0;3;3;0;0;0;0;0;0;0;0;0;0;0;0;0;0;0;0;0;0;0;0;0;0;2;2;30;30;0;0;0;0;0;0;0;1171;10980;214;1;3
08;0801;080103;1;11;1;18;2;5;5;2;2;2;2;0;0;0;0;0;0;0;0;0;0;1;1;0;0;0;0;0;0;0;0;0;0;0;0;0;0;0;0;0;0;0;0;0;0;0;0;10;10;2;0;0;0;0;1;0;321;3660;240;0;0
12;1201;120102;1;1;5;18;2;0;0;0;0;0;0;0;0;0;0;0;0;0;0;0;0;0;0;0;0;0;0;0;0;0;0;0;0;0;0;0;0;0;0;0;0;0;0;0;0;18;18;18;18;0;0;0;0;0;0;0;498;6588;271;2;1
23;2301;230101;1;1;5;18;2;4;4;4;4;4;4;0;0;13;13;0;0;0;0;0;0;6;6;0;0;0;0;0;0;0;0;0;0;0;0;0;0;0;0;0;0;0;0;0;0;0;0;31;31;0;0;0;0;0;0;0;150;11346;56;0;1
13;1303;130301;1;1;5;18;2;0;0;0;0;0;0;0;0;0;0;0;0;0;0;0;0;0;0;0;0;0;0;0;0;0;0;0;0;0;0;0;0;0;0;0;0;0;0;0;0;8;8;8;8;0;0;0;0;0;0;0;336;2928;299;0;0
08;0806;080650;1;1;5;1;1;4;4;2;2;9;9;4;4;0;0;0;0;0;0;0;0;0;0;0;0;0;0;0;0;0;0;0;0;0;0;0;0;0;0;0;0;0;0;0;0;0;0;19;19;6;0;0;0;0;5;3;4255;8483;1586;4;3
15;1507;150750;1;1;5;1;1;11;11;7;7;10;10;3;3;0;0;0;0;0;0;0;0;0;0;0;0;0;0;0;0;0;0;0;0;0;0;0;0;0;0;0;0;0;0;0;0;0;0;31;31;6;0;0;0;0;0;0;2456;8986;796;2;8
18;1802;180250;1;1;5;1;1;11;11;5;5;7;7;5;5;0;0;0;0;0;0;0;0;0;0;0;0;0;0;0;0;0;0;0;0;0;0;0;0;0;0;0;0;0;0;0;0;0;0;28;28;8;0;0;0;0;2;0;2274;10248;779;1;6
08;0802;080253;2;1;5;1;1;6;6;4;4;6;6;4;4;0;0;0;0;0;0;0;0;0;0;0;0;0;0;0;0;0;0;0;0;0;0;0;0;0;0;0;0;0;0;0;0;0;0;20;20;0;0;0;0;4;0;0;3477;7246;1318;0;2
03;0303;030350;1;1;5;1;1;15;15;10;10;14;13;11;12;0;0;0;0;0;0;0;0;0;0;0;0;0;0;0;0;0;0;0;0;0;0;0;0;0;0;0;0;0;0;0;0;0;0;50;50;4;0;0;0;0;0;0;6382;17733;2480;17;20
11;1109;110950;1;1;5;1;1;8;8;8;8;8;8;6;6;0;0;0;0;0;0;0;0;0;0;0;0;0;0;0;0;0;0;0;0;0;0;0;0;0;0;0;0;0;0;0;0;0;0;30;30;4;0;0;0;0;0;0;3554;10980;1287;7;15
06;0605;060550;1;1;5;1;1;6;6;2;2;3;3;4;4;0;0;0;0;0;0;0;0;0;0;0;0;0;0;0;0;0;0;0;0;0;0;0;0;0;0;0;0;0;0;0;0;0;0;15;15;0;0;0;0;0;0;0;4204;5490;766;1;7
04;0403;040350;1;1;5;1;1;5;5;3;3;5;5;2;2;0;0;0;0;0;0;0;0;0;0;0;0;0;0;0;0;0;0;0;0;0;0;0;0;0;0;0;0;0;0;0;0;0;0;15;15;4;0;0;0;0;1;5;2644;5488;862;0;5
18;1807;180701;1;1;5;18;2;0;0;0;0;0;0;0;0;0;0;0;0;0;0;0;0;0;0;0;0;0;0;0;0;0;0;0;0;0;0;0;0;0;0;0;0;0;0;0;0;9;9;9;9;0;0;0;0;0;0;0;813;3294;372;3;1
13;1305;130550;1;1;5;1;1;13;13;5;5;7;7;7;7;0;0;0;0;0;0;0;0;0;0;0;0;0;0;0;0;0;0;0;0;0;0;0;0;0;0;0;0;0;0;0;0;0;0;32;32;4;0;0;0;0;0;0;3796;11712;1816;12;6
01;0103;010350;1;1;5;1;1;9;9;6;6;5;5;5;5;0;0;0;0;0;0;0;0;0;0;0;0;0;0;0;0;0;0;0;0;0;0;0;0;0;0;0;0;0;0;0;0;0;0;25;25;3;0;0;0;0;0;0;4556;9244;1694;18;36
24;2402;240250;1;1;5;1;1;3;3;3;3;9;9;7;7;0;1;0;0;0;0;0;0;0;0;0;0;0;0;0;0;0;0;0;0;0;0;0;0;0;0;0;0;0;0;0;0;0;0;22;23;8;0;0;0;0;0;6;7733;8052;4151;4;4
08;0802;080250;1;1;5;1;1;10;10;1;1;4;4;5;5;0;0;0;0;0;0;0;0;0;0;0;0;0;0;0;0;0;0;0;0;0;0;0;0;0;0;0;0;0;0;0;0;0;0;20;20;0;0;0;0;0;2;0;1972;7320;680;4;2
11;1108;110850;1;1;5;1;1;8;8;4;4;6;6;2;2;0;0;0;0;0;0;0;0;0;0;0;0;0;0;0;0;0;0;0;0;0;0;0;0;0;0;0;0;0;0;0;4;0;0;20;24;9;0;0;0;0;2;0;3405;7494;1160;7;20
17;1703;170350;1;1;5;1;1;1;1;4;4;7;7;3;3;0;0;0;0;0;0;0;0;0;0;0;0;0;0;0;0;0;0;0;0;0;0;0;0;0;0;0;0;0;0;0;0;0;0;15;15;14;0;0;0;0;0;0;5959;7252;2196;18;37
24;2401;240154;2;1;5;1;1;6;6;1;1;5;5;3;3;0;0;0;0;0;0;0;0;0;0;0;0;0;0;0;0;0;0;0;0;0;0;0;0;0;0;0;0;0;0;0;0;0;0;15;15;4;0;0;0;0;0;0;3356;5490;1514;2;3
14;1405;140550;1;1;5;1;1;6;6;2;2;5;5;6;6;0;0;0;0;0;0;0;0;0;0;0;0;0;0;0;0;0;0;0;0;0;0;0;0;0;0;0;0;0;0;0;0;0;0;19;19;0;0;0;0;0;0;0;4499;6954;1353;9;8
08;0803;080350;1;1;5;1;1;7;7;3;3;6;6;4;4;0;0;0;0;0;0;0;0;0;0;0;0;0;0;0;0;0;0;0;0;0;0;0;0;0;0;0;0;0;0;0;0;0;0;20;20;5;0;0;0;0;0;0;2661;7332;950;1;3
09;0911;091150;1;1;5;1;1;3;3;2;2;6;6;4;4;0;0;0;0;0;0;0;0;0;0;0;0;0;0;0;0;0;0;0;0;0;0;0;0;0;0;0;0;0;0;0;0;0;0;15;15;2;0;0;0;0;3;0;2583;5490;1141;1;0
13;1310;131050;1;1;5;1;1;3;4;3;3;6;6;3;3;0;0;0;0;0;0;0;0;0;0;0;0;0;0;0;0;0;0;0;0;0;0;0;0;0;0;0;0;0;0;0;0;0;0;15;16;7;0;0;0;0;0;0;2728;5496;1382;11;8
18;1808;180850;1;1;5;1;1;6;6;2;2;9;9;3;3;0;0;0;0;0;0;0;0;0;0;0;0;0;0;0;0;0;0;0;0;0;0;0;0;0;0;0;0;0;0;0;0;0;0;20;20;2;0;0;0;0;1;1;1915;7320;601;1;7
12;1205;120507;1;1;5;1;1;19;19;14;14;25;23;13;16;0;0;0;0;0;0;0;0;0;0;0;0;0;0;0;0;0;0;0;0;0;0;0;0;0;0;0;0;0;0;0;0;0;0;71;72;21;0;0;0;0;18;0;24637;26513;6878;86;151
08;0804;080450;1;1;5;1;1;5;5;5;5;10;10;2;2;0;0;0;0;0;0;0;0;0;0;0;0;0;0;0;0;0;0;0;0;0;0;0;0;0;0;0;0;0;0;0;0;0;0;22;22;6;0;0;0;0;2;20;6263;8184;2539;3;0
05;0505;050550;1;1;5;1;1;3;3;3;3;7;7;2;2;0;0;0;0;0;0;0;0;0;0;0;0;0;0;0;0;0;0;0;0;0;0;0;0;0;0;0;0;0;0;0;0;0;0;15;15;0;0;0;0;0;0;2;1834;5447;903;1;2
17;1705;170501;1;1;5;1;1;3;3;6;6;7;7;4;4;0;0;0;0;0;0;0;0;0;0;0;0;0;0;0;0;0;0;0;0;0;0;0;0;0;0;0;0;0;0;0;0;0;0;20;20;16;0;0;0;0;0;9;3520;6271;1424;0;1
01;0108;010850;1;1;5;1;1;4;4;3;3;5;6;3;3;0;0;0;0;0;0;0;0;0;0;0;0;0;0;0;0;0;0;0;0;0;0;0;0;0;0;0;0;0;0;0;0;0;0;15;16;4;0;0;0;0;0;3;3762;5852;1307;5;11
21;2104;210450;1;1;5;1;1;8;8;4;4;12;12;8;8;0;0;0;0;0;0;0;0;0;0;0;0;0;0;0;0;0;0;0;0;0;0;0;0;0;0;0;0;0;0;0;0;0;0;32;32;11;0;0;0;0;0;1;8645;14764;2697;3;24
05;0507;050750;1;1;5;1;1;6;6;7;7;10;10;5;5;0;0;0;0;0;0;0;0;0;0;0;0;0;0;0;0;0;0;0;0;0;0;0;0;0;0;0;0;0;0;0;0;0;0;28;28;0;0;0;0;0;0;5;1485;10254;477;0;1
14;1406;140650;1;1;5;1;1;16;15;8;8;14;13;12;11;0;0;0;0;0;0;0;0;0;0;0;0;0;0;0;0;0;0;0;0;0;0;0;0;0;0;0;0;0;0;0;0;0;0;50;47;0;0;0;0;0;0;0;8883;16995;2462;15;20
14;1409;140950;1;1;5;1;1;3;3;0;0;3;3;4;4;0;0;0;0;0;0;0;0;0;0;0;0;0;0;0;0;0;0;0;0;0;0;0;0;0;0;0;0;0;0;0;0;0;0;10;10;3;0;0;0;0;0;16;3697;7847;996;1;1
09;0901;090158;2;1;5;1;1;6;6;0;0;5;5;4;4;0;0;0;0;0;0;0;0;0;0;0;0;0;0;0;0;0;0;0;0;0;0;0;0;0;0;0;0;0;0;0;0;0;0;15;15;0;0;0;0;0;0;0;624;5484;257;3;14
12;1206;120651;2;1;5;1;1;6;6;2;2;8;8;9;9;0;0;0;0;0;0;0;0;0;0;0;0;0;0;0;0;0;0;0;0;0;0;0;0;0;0;0;0;0;0;0;0;0;0;25;25;8;0;0;0;0;0;2;5217;9150;1799;17;26
07;0713;071350;1;1;5;1;1;8;2;8;2;6;3;3;3;0;0;0;0;0;0;0;0;0;0;0;0;0;0;0;0;0;0;0;0;0;0;0;0;0;0;0;0;0;0;0;0;0;0;25;10;3;0;0;0;0;2;3;2339;3014;896;2;1
09;0907;090701;1;1;5;6;1;3;3;0;0;6;6;0;0;0;0;1;1;0;0;0;0;3;3;0;0;0;0;1;1;1;1;2;2;0;0;0;0;0;0;0;0;0;0;14;14;0;0;31;31;4;0;0;0;0;0;0;3423;9610;1030;3;12
18;1808;180850;1;1;5;18;2;2;2;7;7;6;6;0;0;0;0;0;0;0;0;0;0;1;1;0;0;0;0;1;1;3;3;0;0;0;0;0;0;0;0;0;0;0;0;0;0;0;0;20;20;0;0;0;0;0;0;0;1533;7320;403;0;0
16;1601;160150;1;1;5;6;1;5;5;5;5;7;7;4;4;0;0;1;1;0;0;0;0;5;5;0;0;0;0;1;1;1;1;1;1;0;0;0;0;0;0;0;0;0;0;0;0;0;0;30;30;0;0;0;0;0;0;0;4613;10980;1472;0;5
08;0801;080102;1;1;5;6;1;0;0;0;0;0;0;4;4;4;4;0;0;0;0;0;0;0;0;0;0;0;0;0;0;0;0;0;0;0;0;0;0;0;0;0;0;0;0;0;0;43;43;51;51;0;0;0;0;0;0;0;8366;18666;2311;33;54
22;2201;220150;1;1;5;1;1;11;11;11;11;22;22;16;16;0;0;0;0;0;0;0;0;0;0;0;0;0;0;0;0;0;0;0;0;0;0;0;0;0;0;0;0;0;0;0;0;0;0;60;60;13;0;0;0;0;0;0;17496;24053;4677;39;63
12;1201;120102;1;1;5;18;2;0;0;0;0;0;0;0;0;0;0;0;0;0;0;0;0;0;0;0;0;0;0;0;0;0;0;0;0;0;0;0;0;0;0;0;0;0;0;0;0;19;19;19;19;0;0;0;0;0;0;0;1218;6954;678;1;0
02;0201;020102;1;32;1;18;2;3;3;3;3;1;1;0;0;0;0;0;0;0;0;0;0;0;0;0;0;0;0;0;0;0;0;0;0;0;0;0;0;0;0;0;0;0;0;0;0;0;0;7;7;0;0;0;0;0;0;0;196;2562;87;1;0
12;1205;120501;1;1;5;18;2;0;0;0;0;2;2;3;3;0;0;0;0;0;0;1;1;0;0;0;0;0;0;0;0;0;0;0;0;0;0;0;0;0;0;0;0;0;0;0;0;20;20;26;26;0;0;0;0;0;0;0;499;9516;178;0;0
05;0501;050104;1;1;5;18;2;1;1;1;1;1;1;1;1;0;0;1;1;0;0;0;0;1;1;0;0;0;0;0;0;1;1;0;0;0;0;0;0;0;0;0;0;0;0;2;2;1;1;10;10;0;0;0;0;0;0;0;1292;3660;909;8;6
18;1801;180104;1;1;5;18;2;0;0;0;0;0;0;0;0;0;0;0;0;0;0;0;0;0;0;0;0;0;0;0;0;0;0;0;0;0;0;0;0;0;0;0;0;0;0;0;0;7;6;7;6;0;0;0;0;0;0;0;496;2562;298;1;0
18;1808;180802;1;1;5;18;2;0;0;0;0;0;0;0;0;1;1;0;0;0;0;0;0;0;0;0;0;0;0;0;0;0;0;0;0;0;0;0;0;0;0;0;0;0;0;0;0;5;5;6;6;0;0;0;0;0;0;0;93;2196;59;0;0
06;0601;060104;1;1;5;18;2;0;0;1;1;1;1;1;1;0;0;0;0;0;0;0;0;0;0;0;0;0;0;0;0;0;0;0;0;0;0;0;0;0;0;0;0;0;0;0;0;8;8;11;11;0;0;0;0;0;0;0;375;4026;171;0;1
06;0601;060103;1;1;5;18;2;2;2;2;2;1;1;1;1;5;5;0;0;0;0;0;0;1;1;0;0;0;0;0;0;1;1;1;1;0;0;0;0;0;0;0;0;0;0;0;0;0;0;14;14;2;2;0;1;0;1;0;2540;9033;1059;6;4
23;2301;230102;1;1;5;18;2;0;0;0;0;0;0;0;0;3;3;0;0;0;0;0;0;0;0;0;0;0;0;0;0;0;0;0;0;0;0;0;0;0;0;0;0;0;0;0;0;6;6;9;9;3;0;0;0;0;0;0;531;3294;462;0;0
12;1205;120507;1;1;5;18;2;0;0;0;0;0;0;2;2;0;0;0;0;0;0;0;0;0;0;0;0;0;0;0;0;0;0;0;0;0;0;0;0;0;0;0;0;0;0;0;0;11;11;13;13;2;0;0;0;0;0;0;338;4758;338;0;0
18;1801;180102;1;1;5;18;2;0;0;0;0;0;0;0;0;0;0;0;0;0;0;0;0;0;0;0;0;0;0;0;0;0;0;0;0;0;0;0;0;0;0;0;0;0;0;0;0;5;5;5;5;0;0;0;0;0;0;0;152;1830;94;2;0
18;1801;180101;1;1;5;18;2;0;0;0;0;0;0;0;0;0;0;0;0;0;0;0;0;0;0;0;0;0;0;0;0;0;0;0;0;0;0;0;0;0;0;0;0;0;0;0;0;18;18;18;18;2;0;0;0;0;2;1;720;6588;363;1;2
05;0501;050104;1;1;5;18;2;0;0;0;0;0;0;0;0;0;0;0;0;0;0;0;0;0;0;0;0;0;0;0;0;0;0;0;0;0;0;0;0;0;0;0;0;0;0;0;0;4;4;4;4;0;0;0;1;1;1;0;450;1464;238;0;3
05;0502;050202;1;1;5;18;2;0;0;0;0;0;0;0;0;0;0;0;0;0;0;0;0;0;0;0;0;0;0;0;0;0;0;0;0;0;0;0;0;0;0;0;0;0;0;0;0;10;10;10;10;0;0;0;0;0;0;0;542;3660;296;0;1
05;0501;050104;1;1;5;18;2;2;2;3;3;3;3;1;1;0;0;0;0;0;0;0;0;1;1;0;0;0;0;0;0;0;0;0;0;0;0;0;0;0;0;0;0;0;0;0;0;0;0;10;10;4;0;0;0;0;3;2;503;3660;159;0;1
05;0504;050450;1;1;5;18;2;0;0;0;0;0;0;0;0;0;0;0;0;0;0;0;0;0;0;0;0;0;0;0;0;0;0;0;0;0;0;0;0;0;0;0;0;0;0;0;0;5;5;5;5;0;0;0;0;0;0;0;645;1891;354;1;5
18;1801;180103;1;1;5;18;2;9;9;3;3;3;3;2;2;0;0;0;0;1;1;0;0;2;2;2;2;0;0;0;0;0;0;0;0;0;0;0;0;0;0;0;0;0;0;0;0;0;0;22;22;2;0;0;0;0;1;1;789;8052;233;2;5
18;1801;180107;1;1;5;18;2;0;0;0;0;0;0;0;0;0;0;0;0;0;0;0;0;0;0;0;0;0;0;0;0;0;0;0;0;0;0;0;0;0;0;0;0;0;0;0;0;16;16;16;16;0;0;0;0;0;0;0;90;5856;51;1;0
23;2301;230107;1;1;5;18;2;0;0;0;0;0;0;0;0;0;0;0;0;0;0;0;0;0;0;0;0;0;0;0;0;0;0;0;0;0;0;0;0;0;0;0;0;0;0;0;0;15;15;15;15;3;0;0;0;0;3;0;936;5490;827;1;0
05;0505;050550;1;1;5;18;2;0;0;0;0;0;0;0;0;0;0;0;0;0;0;0;0;0;0;0;0;0;0;0;0;0;0;0;0;0;0;0;0;0;0;0;0;0;0;0;0;4;4;4;4;0;0;0;0;0;0;0;78;1464;56;0;0
12;1205;120507;1;1;5;18;2;8;8;8;8;11;11;4;4;2;2;0;0;0;0;0;0;1;1;0;0;0;0;0;0;0;0;0;0;0;0;0;0;0;0;0;0;0;0;0;0;13;13;47;47;3;10;5;0;0;0;0;571;21738;359;0;1
13;1315;131550;1;12;3;18;2;0;0;0;0;0;0;0;0;0;0;0;0;0;0;0;0;0;0;0;0;0;0;0;0;0;0;0;0;0;0;0;0;0;0;0;0;0;0;0;0;7;6;7;6;0;0;0;0;0;0;1;772;2562;607;0;0
05;0504;050458;2;1;5;16;1;14;14;0;0;6;6;9;9;0;0;0;0;0;0;0;0;0;0;3;3;0;0;0;0;0;0;0;0;0;0;0;0;0;0;0;0;0;0;0;0;0;0;32;32;0;0;0;0;0;0;0;1884;11712;643;1;6
24;2402;240250;1;1;5;18;2;16;16;2;2;1;1;2;2;0;0;3;3;0;0;0;0;1;1;0;0;0;0;0;0;0;0;0;0;0;0;0;0;0;0;0;0;0;0;0;0;0;0;25;25;0;0;0;0;0;0;0;500;9150;276;18;0
09;0921;092150;1;2;1;18;2;0;0;0;0;0;0;5;5;0;0;0;0;0;0;0;0;30;30;0;0;0;0;0;0;0;0;0;0;0;0;0;0;0;0;0;0;0;0;0;0;0;0;35;35;4;1;0;0;0;0;0;5415;12810;1171;0;3
09;0916;091602;1;11;1;18;2;13;13;5;5;0;0;9;9;0;0;0;0;0;0;0;0;0;0;0;0;0;0;0;0;0;0;0;0;0;0;0;0;0;0;0;0;0;0;0;0;0;0;27;27;0;0;0;0;0;0;0;3432;9882;1273;2;17
09;0901;090112;1;2;1;18;2;44;44;0;0;13;13;0;0;16;16;10;10;0;0;0;0;8;8;2;2;0;0;5;5;9;9;7;7;0;0;0;0;0;0;0;0;0;0;0;0;0;0;114;114;0;0;0;0;0;0;0;12749;41724;2733;14;99
12;1201;120153;2;12;3;18;2;0;0;0;0;2;2;0;0;0;0;0;0;0;0;0;0;0;0;0;0;0;0;0;0;0;0;0;0;0;0;0;0;0;0;0;0;0;0;0;0;0;0;2;2;0;0;0;0;0;0;0;71;732;34;0;0
09;0901;090112;1;1;5;18;2;0;0;4;4;6;6;0;0;0;0;0;0;0;0;0;0;20;20;0;0;0;0;0;0;0;0;0;0;0;0;0;0;0;0;0;0;0;0;0;0;3;3;33;33;0;0;0;0;0;0;0;231;12078;135;0;0
09;0901;090112;1;11;1;18;2;19;26;12;24;6;19;4;9;11;7;6;3;4;1;2;5;6;5;6;5;2;3;2;13;2;2;4;1;2;1;2;1;4;1;2;1;2;1;0;0;0;0;98;128;15;45;4;11;7;8;0;42883;38914;5912;64;398
09;0901;090101;1;2;1;18;2;6;6;5;5;0;0;0;0;0;0;0;0;0;0;0;0;3;3;0;0;0;0;0;0;5;5;0;0;0;0;0;0;0;0;0;0;0;0;0;0;0;0;19;19;0;7;0;0;0;0;2;3733;6322;1059;14;27
09;0910;091050;1;1;5;18;2;0;0;0;0;0;0;0;0;4;4;0;0;0;0;0;0;0;0;0;0;0;0;0;0;0;0;0;0;0;0;0;0;0;0;0;0;0;0;0;0;5;5;9;9;0;0;0;0;0;0;0;198;3294;145;0;0
12;1201;120102;1;1;5;18;2;0;0;0;0;0;0;0;0;7;7;0;0;0;0;0;0;0;0;0;0;0;0;0;0;0;0;0;0;0;0;0;0;0;0;0;0;0;0;0;0;32;32;39;39;5;15;0;0;0;0;0;4656;14274;653;9;55
17;1701;170130;1;11;1;6;1;12;17;41;19;64;32;19;24;26;26;17;12;28;11;10;3;53;26;18;12;8;4;10;4;33;14;23;19;10;10;30;12;24;10;22;22;12;12;271;187;0;0;731;476;45;35;7;15;20;24;109;138519;170469;16800;41;460
12;1207;120750;1;32;1;18;2;0;0;0;0;0;0;1;1;0;0;0;0;0;0;0;0;0;0;0;0;0;0;0;0;0;0;0;0;0;0;0;0;0;0;0;0;0;0;0;0;16;8;17;9;0;0;0;0;0;0;1;537;3294;472;0;0
01;0101;010109;1;11;1;6;1;19;19;29;24;24;18;21;17;16;14;24;21;5;1;0;0;16;10;14;56;1;0;5;2;11;5;12;9;0;0;15;7;8;5;27;13;13;10;23;13;0;0;283;244;30;28;4;0;1;11;33;58488;81577;10067;209;516
17;1701;170152;2;1;5;18;2;0;0;2;2;0;0;0;0;0;0;0;0;0;0;0;0;0;0;0;0;0;0;0;0;0;0;0;0;0;0;0;0;0;0;0;0;0;0;0;0;0;0;2;2;2;0;0;0;1;2;0;195;732;188;0;0
13;1301;130106;1;11;1;1;1;40;52;0;0;0;0;20;19;0;4;0;0;0;0;0;0;0;0;30;20;0;0;0;0;0;0;0;0;0;0;0;0;0;0;0;0;0;0;0;0;0;0;90;95;56;30;4;0;0;0;0;25625;32066;2595;56;451
17;1701;170101;1;11;1;9;1;0;0;0;0;0;0;0;0;4;4;0;0;0;0;0;0;0;0;0;0;0;0;0;0;0;0;0;0;0;0;0;0;0;0;0;0;0;0;0;0;87;86;91;90;10;10;0;0;0;0;0;22658;32847;3601;29;164
17;1701;170128;1;2;1;18;2;0;0;0;0;0;0;0;0;0;0;0;0;0;0;0;0;0;0;0;0;0;0;0;0;0;0;0;0;0;0;0;0;0;0;0;0;0;0;0;0;6;6;6;6;0;0;0;0;0;0;0;930;2196;376;2;2
12;1205;120507;1;32;1;18;2;0;0;0;0;2;2;0;0;2;2;0;0;0;0;0;0;0;0;0;0;0;0;0;0;0;0;0;0;0;0;0;0;0;0;0;0;0;0;0;0;3;3;7;7;2;0;0;0;2;0;0;139;2555;83;1;0
12;1205;120501;1;32;1;18;2;0;0;0;0;3;3;1;1;0;0;0;0;0;0;0;0;0;0;0;0;0;0;0;0;0;0;0;0;0;0;0;0;0;0;0;0;0;0;0;0;0;0;4;4;0;0;0;0;0;0;0;72;1464;68;0;0
12;1201;120101;1;32;1;18;2;0;0;0;0;5;5;0;0;0;0;0;0;0;0;0;0;0;0;0;0;0;0;0;0;0;0;0;0;0;0;0;0;0;0;0;0;0;0;0;0;0;0;5;5;0;0;0;0;0;0;0;81;1830;81;0;0
12;1205;120550;1;32;1;18;2;0;0;0;0;0;0;0;0;4;4;0;0;0;0;0;0;0;0;0;0;0;0;0;0;0;0;0;0;0;0;0;0;0;0;0;0;0;0;0;0;8;8;12;12;0;0;0;0;0;0;0;1209;4392;630;0;0
07;0702;070250;1;12;3;18;2;4;4;1;1;0;0;0;0;0;0;0;0;0;0;0;0;0;0;0;0;0;0;0;0;0;0;0;0;0;0;0;0;0;0;0;0;0;0;0;0;0;0;5;5;0;0;0;0;0;0;0;137;1830;75;0;1
21;2101;210150;1;12;3;18;2;4;4;1;1;1;1;1;1;0;0;0;0;0;0;0;0;0;0;0;0;0;0;0;0;0;0;0;0;0;0;0;0;0;0;0;0;0;0;0;0;0;0;7;7;2;0;0;0;0;0;0;84;2562;84;0;0
12;1205;120501;1;32;1;18;2;1;1;1;1;1;1;1;1;0;0;0;0;0;0;0;0;0;0;0;0;0;0;0;0;0;0;0;0;0;0;0;0;0;0;0;0;0;0;0;0;0;0;4;4;0;0;0;0;0;0;0;38;1464;21;0;0
12;1201;120102;1;32;1;18;2;6;6;5;5;2;2;3;3;3;3;0;0;0;0;0;0;0;0;0;0;0;0;0;0;0;0;0;0;0;0;0;0;0;0;0;0;0;0;0;0;0;0;19;19;0;0;0;0;0;0;0;854;6954;539;0;0
12;1205;120502;1;32;1;18;2;0;0;0;0;0;0;0;0;0;0;0;0;0;0;0;0;0;0;0;0;0;0;0;0;0;0;0;0;0;0;0;0;0;0;0;0;0;0;0;0;10;10;10;10;0;0;0;0;0;0;0;78;3660;72;0;0
12;1201;120102;1;32;1;18;2;0;0;0;0;0;0;0;0;0;0;0;0;0;0;0;0;0;0;0;0;0;0;0;0;0;0;0;0;0;0;0;0;0;0;0;0;0;0;0;0;9;9;9;9;0;0;0;0;0;0;0;55;3294;37;0;0
12;1205;120506;1;32;1;18;2;0;0;0;0;7;7;1;1;0;0;0;0;0;0;0;0;0;0;0;0;0;0;0;0;0;0;0;0;0;0;0;0;0;0;0;0;0;0;0;0;0;0;8;8;0;0;0;0;0;0;0;171;2928;164;3;1
09;0908;090850;1;32;1;18;2;0;0;0;0;0;0;0;0;4;4;0;0;0;0;0;0;0;0;0;0;0;0;0;0;0;0;0;0;0;0;0;0;0;0;0;0;0;0;0;0;5;5;9;9;0;0;0;0;0;0;0;27;3294;27;0;0
12;1207;120750;1;32;1;18;2;4;4;3;3;2;2;2;2;5;5;0;0;0;0;0;0;0;0;0;0;0;0;0;0;0;0;0;0;0;0;0;0;0;0;0;0;0;0;0;0;0;0;16;16;0;0;0;0;0;0;0;734;5856;601;0;0
23;2301;230106;1;32;1;18;2;0;0;0;0;0;0;0;0;0;0;0;0;0;0;0;0;0;0;0;0;0;0;0;0;0;0;0;0;0;0;0;0;0;0;0;0;0;0;0;0;10;10;10;10;0;0;0;0;0;0;0;19;3660;19;0;0
09;0908;090850;1;32;1;18;2;2;2;2;2;6;6;0;0;0;0;0;0;0;0;0;0;0;0;0;0;0;0;0;0;0;0;0;0;0;0;0;0;0;0;0;0;0;0;0;0;0;0;10;10;0;0;0;0;0;0;0;362;3660;329;1;0
12;1210;121050;1;32;1;18;2;0;0;1;1;1;1;1;1;1;1;0;0;0;0;0;0;0;0;0;0;0;0;0;0;0;0;0;0;0;0;0;0;0;0;0;0;0;0;0;0;13;13;17;17;1;0;0;0;0;0;0;89;6222;88;0;0
23;2302;230250;1;32;1;18;2;0;0;0;0;0;0;0;0;0;0;0;0;0;0;0;0;0;0;0;0;0;0;0;0;0;0;0;0;0;0;0;0;0;0;0;0;0;0;0;0;3;3;3;3;0;0;0;0;0;0;0;210;1098;151;9;1
23;2301;230106;1;32;1;18;2;0;0;0;0;0;0;0;0;0;0;0;0;0;0;0;0;0;0;0;0;0;0;0;0;0;0;0;0;0;0;0;0;0;0;0;0;0;0;0;0;5;5;5;5;0;0;0;0;0;0;0;31;1830;31;0;0
12;1205;120506;1;32;1;17;3;0;0;2;2;12;12;2;2;0;0;0;0;0;0;0;0;0;0;0;0;0;0;0;0;0;0;0;0;0;0;0;0;0;0;0;0;0;0;0;0;0;0;16;16;0;0;0;0;0;0;0;398;5856;398;0;0
12;1205;120550;1;32;1;18;2;0;0;0;0;4;4;0;0;2;2;0;0;0;0;0;0;0;0;0;0;0;0;0;0;0;0;0;0;0;0;0;0;0;0;0;0;0;0;0;0;0;0;6;6;0;0;0;0;0;0;0;102;2190;94;0;0
12;1207;120750;1;32;1;18;2;3;3;1;1;1;1;1;1;2;2;0;0;0;0;0;0;0;0;0;0;0;0;0;0;0;0;0;0;0;0;0;0;0;0;0;0;0;0;0;0;0;0;8;8;0;0;0;0;0;0;0;142;2928;135;0;0
12;1210;121050;1;32;1;18;2;0;0;0;0;0;0;0;0;0;0;0;0;0;0;0;0;0;0;0;0;0;0;0;0;0;0;0;0;0;0;0;0;0;0;0;0;0;0;0;0;0;16;0;16;2;0;0;0;0;0;0;209;5856;175;0;0
12;1205;120502;1;32;1;18;2;0;0;0;0;0;0;2;2;0;0;0;0;0;0;0;0;0;0;0;0;0;0;0;0;0;0;0;0;0;0;0;0;0;0;0;0;0;0;0;0;10;10;12;12;2;0;0;0;0;0;0;364;4392;178;0;0
12;1204;120450;1;32;1;18;2;0;0;0;0;5;5;5;5;0;0;0;0;0;0;0;0;0;0;0;0;0;0;0;0;0;0;0;0;0;0;0;0;0;0;0;0;0;0;0;0;0;0;10;10;0;0;0;0;0;0;0;85;3660;85;0;0
12;1210;121050;1;32;1;18;2;0;0;1;1;1;1;1;1;0;0;0;0;0;0;0;0;0;0;0;0;0;0;0;0;0;0;0;0;0;0;0;0;0;0;0;0;0;0;0;0;11;11;14;14;0;0;0;0;0;0;0;600;5122;287;3;0
13;1304;130401;1;32;1;18;2;0;0;0;0;0;0;0;0;0;0;0;0;0;0;0;0;0;0;0;0;0;0;0;0;0;0;0;0;0;0;0;0;0;0;0;0;0;0;0;0;3;3;3;3;0;0;0;0;0;0;0;361;1098;246;2;2
09;0920;092050;1;32;1;18;2;7;7;2;2;4;4;1;1;2;2;0;0;0;0;0;0;0;0;0;0;0;0;0;0;0;0;0;0;0;0;0;0;0;0;0;0;0;0;0;0;0;0;16;16;0;0;0;0;0;0;0;144;5856;128;0;0
12;1205;120504;1;32;1;18;2;7;7;2;2;1;1;0;0;3;3;0;0;0;0;0;0;0;0;0;0;0;0;0;0;1;1;0;0;0;0;0;0;0;0;0;0;0;0;0;0;0;0;14;14;0;0;0;0;0;0;0;189;4898;117;0;0
07;0701;070104;1;12;3;18;2;0;0;0;0;0;0;0;0;0;0;0;0;0;0;0;0;0;0;0;0;0;0;0;0;0;0;0;0;0;0;0;0;0;0;0;0;0;0;0;0;6;6;6;6;0;0;0;0;0;1;0;234;2196;210;0;0
01;0101;010108;1;2;1;18;2;0;0;0;0;0;0;0;0;0;0;0;0;0;0;0;0;0;0;0;0;0;0;0;0;0;0;0;0;0;0;0;0;0;0;0;0;0;0;0;0;42;42;42;42;6;8;4;9;6;3;1;10290;15372;2536;7;53
09;0901;090114;1;1;5;17;3;0;0;0;0;0;0;0;0;0;0;0;0;0;0;0;0;0;0;0;0;0;0;0;0;0;0;0;0;0;0;0;0;0;0;0;0;0;0;0;0;24;24;24;24;9;0;0;0;0;0;0;1138;8784;453;0;0
17;1701;170155;2;2;1;1;1;53;37;42;26;34;28;28;30;15;16;0;0;0;0;0;0;0;16;0;0;0;0;0;0;0;0;0;0;0;0;0;0;0;0;0;0;0;0;0;0;0;0;172;153;19;12;5;0;0;23;13;48403;56240;11191;56;187
07;0701;070102;1;1;5;17;3;0;0;0;0;3;3;6;6;0;0;0;0;0;0;0;0;0;0;0;0;0;0;0;0;0;0;0;0;0;0;0;0;0;0;0;0;0;0;0;0;27;27;36;36;3;0;0;0;6;2;1;1180;13176;561;0;4
18;1801;180105;1;2;1;1;1;75;92;75;36;58;39;40;22;30;30;0;0;0;0;0;0;20;20;0;0;0;0;0;0;0;0;0;0;0;0;0;0;0;0;0;0;0;0;0;0;0;0;298;239;25;8;3;8;0;15;0;66769;87572;12074;142;606
12;1201;120101;1;2;1;6;1;20;20;29;29;20;20;20;20;0;0;2;2;0;0;0;0;10;10;0;0;0;0;1;1;6;6;9;9;0;0;6;0;1;1;4;4;0;0;0;0;0;0;128;122;22;9;0;17;0;13;0;21650;44652;3799;26;176
23;2301;230106;1;2;1;18;2;3;3;4;4;0;0;0;0;0;0;0;0;0;0;0;0;5;5;0;0;0;0;0;0;2;2;0;0;0;0;0;0;0;0;0;0;0;0;0;0;1;1;15;15;3;2;0;0;3;0;0;3470;5490;1512;13;17
17;1701;170107;1;2;1;1;1;52;49;68;26;58;25;50;21;18;8;0;0;0;0;0;0;36;11;12;5;0;0;0;0;10;3;0;0;0;0;0;0;0;0;0;0;0;0;22;8;0;0;326;156;20;7;0;0;0;35;0;39263;57574;5691;22;218
08;0801;080103;1;2;1;1;1;94;94;39;39;66;66;32;32;28;28;0;0;0;0;0;0;0;0;0;0;0;0;0;0;0;0;0;0;0;0;0;0;0;0;0;0;0;0;0;0;0;0;259;259;42;10;0;28;10;0;0;50923;85093;10843;199;426
09;0901;090114;1;2;1;1;1;125;102;119;73;95;43;29;13;20;18;0;0;31;31;0;0;0;0;0;0;0;0;0;0;0;0;0;0;0;0;0;0;0;0;0;0;0;0;0;0;0;0;419;280;45;24;3;0;0;26;0;40078;102064;7789;81;331
23;2301;230107;1;2;1;1;1;57;57;37;37;60;60;20;20;28;28;0;0;0;0;0;0;0;0;0;0;0;0;0;0;0;0;0;0;0;0;0;0;0;0;0;0;0;0;0;0;0;0;202;202;23;13;3;0;6;5;23;46729;50705;8810;79;403
10;1001;100150;1;2;1;6;1;30;26;32;25;20;20;28;28;6;6;0;0;0;0;0;0;30;30;0;0;0;0;0;0;0;0;0;0;0;0;0;0;0;0;0;0;0;0;10;10;0;0;156;145;22;6;0;4;3;6;12;24800;52820;5740;49;130
19;1901;190150;1;2;1;1;1;16;16;11;11;13;13;17;17;0;0;0;0;0;0;0;0;0;0;0;0;0;0;0;0;0;0;0;0;0;0;0;0;0;0;0;0;0;0;0;0;0;0;57;57;7;0;0;0;0;0;0;7580;20418;2613;17;21
05;0501;050104;1;2;1;1;1;37;28;59;55;59;54;27;25;24;23;0;0;0;0;0;0;27;18;0;15;0;0;0;0;0;0;0;0;4;2;15;5;0;0;0;0;0;0;0;0;0;0;252;225;33;12;0;0;10;21;0;35477;83207;7540;54;223
09;0910;091050;1;2;1;1;1;26;26;10;10;30;30;11;11;9;9;0;0;0;0;0;0;0;0;0;0;0;0;0;0;0;0;0;0;0;0;0;0;0;0;0;0;0;0;0;0;0;0;86;86;22;0;0;0;0;10;0;17054;31292;5390;51;106
04;0401;040102;1;2;1;1;1;25;25;25;25;56;56;40;40;16;16;0;0;0;0;0;0;0;0;0;0;0;0;0;0;0;0;0;0;0;0;0;0;0;0;0;0;0;0;0;0;0;0;162;162;22;4;0;0;0;13;0;27030;44265;6016;65;162
14;1401;140150;1;2;1;1;1;16;21;17;18;20;15;13;11;4;5;0;0;0;0;0;0;0;0;0;0;0;0;0;0;0;0;0;0;0;0;0;0;0;0;0;0;0;0;0;0;0;0;70;70;10;0;0;0;3;6;8;12549;25393;3289;21;87
13;1308;130802;1;2;1;6;1;0;0;0;0;0;0;0;0;0;0;0;0;0;0;0;0;0;0;0;0;0;0;0;0;0;0;0;0;0;0;0;0;0;0;0;0;0;0;0;0;0;150;0;150;0;0;0;0;0;0;0;33374;55050;5307;15;306
21;2101;210150;1;2;1;1;1;32;32;32;32;64;64;32;32;0;0;0;0;0;0;0;0;0;0;0;0;0;0;0;0;0;0;0;0;0;0;0;0;0;0;0;0;0;0;0;0;0;0;160;160;30;0;0;0;16;7;0;30353;43940;6842;65;252
13;1314;131401;1;2;1;1;1;23;23;16;16;23;23;17;17;0;0;0;0;0;0;0;0;0;0;0;0;0;0;0;0;0;0;0;0;0;0;0;0;0;0;0;0;0;0;0;0;0;0;79;79;11;0;0;0;3;3;6;9304;28914;3116;11;18
09;0910;091050;1;2;1;6;1;49;49;33;33;12;12;14;13;7;7;0;0;0;0;0;0;0;0;0;0;0;0;0;0;0;0;0;0;0;0;0;0;0;0;0;0;0;0;0;0;0;0;115;114;21;8;0;0;3;5;6;19279;41610;5282;31;94
13;1303;130301;1;2;1;1;1;23;31;18;12;19;19;12;12;8;8;0;0;0;0;0;0;0;0;0;0;0;0;0;0;0;0;0;0;0;0;0;0;0;0;0;0;0;0;0;0;0;0;80;82;11;5;0;0;1;6;4;15125;30074;4391;53;86
12;1205;120508;1;2;1;6;1;27;27;10;10;12;10;9;9;0;0;0;0;0;0;0;0;9;9;0;0;0;0;1;1;3;3;0;0;0;0;0;0;0;0;0;0;0;0;7;7;0;0;78;76;20;3;0;28;2;8;2;15331;27816;3809;32;66
17;1701;170102;1;2;1;6;1;42;41;42;42;22;22;22;19;6;6;0;0;0;0;0;0;0;0;0;0;0;0;0;0;0;0;0;0;0;0;0;0;0;0;0;0;0;0;0;0;0;0;134;130;0;0;0;0;0;0;0;31605;47546;8891;39;116
23;2301;230102;1;2;1;1;1;40;35;10;8;10;13;10;11;0;0;0;0;0;0;0;0;0;0;0;0;0;0;0;0;0;0;0;0;0;0;0;0;0;0;0;0;0;0;0;4;0;0;70;71;8;0;0;0;0;6;0;17361;25965;3685;13;75
10;1001;100103;1;2;1;1;1;39;39;32;32;41;41;24;24;17;17;0;0;0;0;0;0;20;20;0;0;0;0;0;0;0;0;0;0;0;0;0;0;0;0;0;0;0;0;0;0;0;0;173;173;12;6;0;0;0;0;0;36743;63727;9649;110;249
13;1301;130107;1;2;1;1;1;48;48;61;39;40;40;35;23;21;21;0;0;0;0;0;0;0;0;0;0;0;0;0;0;0;0;0;0;0;0;0;0;0;0;0;0;0;0;0;0;0;0;205;171;27;3;3;0;0;26;0;43034;62750;8200;101;250
06;0601;060104;1;10;2;1;1;20;20;0;0;0;0;0;0;0;0;0;0;0;0;0;0;0;0;0;0;0;0;0;0;0;0;0;0;0;0;0;0;0;0;0;0;0;0;0;0;0;0;20;20;5;0;0;0;0;0;0;2350;7320;255;8;21
17;1701;170113;1;4;1;1;1;0;0;0;0;163;161;0;0;63;74;0;0;0;0;0;0;0;0;0;0;0;0;0;0;0;0;0;0;0;0;0;0;0;0;0;0;0;0;0;0;0;0;226;235;4;6;0;12;0;0;0;60428;86167;9016;25;104
09;0901;090104;1;4;1;1;1;8;9;15;16;5;5;0;0;0;0;0;0;0;0;0;0;1;1;0;0;0;0;0;0;0;0;0;0;0;0;0;0;0;0;0;0;0;0;1;1;0;0;30;32;5;0;0;0;0;0;15;9395;11568;4214;37;46
09;0901;090114;1;4;1;1;1;0;0;0;0;69;70;0;0;18;20;0;0;0;0;0;0;0;0;0;0;0;0;0;0;0;0;0;0;0;0;0;0;0;0;0;0;0;0;15;13;0;0;102;103;0;0;0;0;0;0;0;35333;37418;15342;22;49
17;1701;170111;1;4;1;1;1;0;0;0;0;113;116;40;22;43;43;0;0;0;0;0;0;0;0;0;0;0;0;0;0;0;0;0;0;0;0;0;0;0;0;0;0;0;0;0;0;0;0;196;181;15;6;3;23;14;34;7;45065;66319;11004;37;99
09;0901;090112;1;2;1;1;1;0;0;0;0;87;99;8;7;64;62;0;0;0;0;0;0;0;0;0;0;0;0;0;0;0;0;0;0;0;0;0;0;0;0;0;0;0;0;0;0;0;0;159;168;0;9;0;34;0;0;0;58520;61617;15181;26;175
21;2101;210150;1;11;1;18;2;36;36;36;36;18;18;11;11;0;0;0;0;0;0;0;0;18;18;0;0;0;0;0;0;0;0;0;0;0;0;0;0;0;0;0;0;0;0;0;0;0;0;119;119;0;0;0;0;0;0;0;1296;43554;491;1;0
17;1701;170130;1;2;1;18;2;0;0;0;0;0;0;5;7;7;7;0;0;0;0;0;0;0;0;0;0;0;0;0;0;0;0;0;0;0;0;0;0;0;0;0;0;0;0;1;1;26;24;39;39;13;7;3;0;7;0;0;13282;15096;833;8;46
09;0901;090114;1;2;1;17;3;0;0;0;0;0;0;0;0;0;0;0;0;0;0;0;0;0;0;0;0;0;0;0;0;0;0;0;0;0;0;0;0;0;0;0;0;0;0;0;0;145;145;145;145;0;0;0;0;0;0;0;16080;53070;3669;4;24
09;0901;090112;1;2;1;13;3;35;35;62;62;0;0;0;0;0;0;32;32;0;0;0;0;40;40;0;0;0;0;4;4;23;23;0;0;12;12;11;11;0;0;0;0;0;0;87;87;0;0;306;306;60;77;0;0;24;9;0;94022;151385;7184;26;435
12;1201;120102;1;1;5;17;3;4;4;2;2;14;14;8;8;3;3;0;0;0;0;0;0;0;0;0;0;0;0;0;0;0;0;0;0;0;0;0;0;0;0;0;0;0;0;0;0;0;0;31;31;0;0;0;0;0;0;0;1605;11346;1053;1;0
17;1701;170101;1;2;1;18;2;0;0;0;0;0;0;0;0;11;0;0;11;0;0;0;0;0;0;0;0;0;0;0;0;0;0;0;0;0;0;0;0;0;0;0;0;0;0;0;0;130;130;141;141;0;6;4;4;0;15;0;26334;51606;8380;22;90
01;0101;010112;1;2;1;18;2;5;5;5;5;2;2;4;4;7;7;1;1;1;1;0;0;2;2;1;1;1;1;1;1;2;2;1;1;0;0;1;1;1;1;1;1;1;1;0;0;0;0;37;37;6;5;1;7;0;3;0;8175;13542;2934;12;21
01;0101;010106;1;1;5;11;1;0;0;0;0;0;0;0;0;6;6;0;0;0;0;0;0;0;0;0;0;0;0;0;0;0;0;0;0;0;0;0;0;0;0;0;0;0;0;0;0;17;17;23;23;4;3;0;0;0;3;0;2713;8418;986;1;1
07;0701;070103;1;1;5;11;1;3;3;0;0;3;3;1;1;2;2;0;0;0;0;0;0;0;0;0;0;0;0;0;0;0;0;0;0;0;0;0;0;0;0;0;0;0;0;0;0;0;0;9;9;1;0;0;0;0;0;1;282;3294;162;0;0
09;0901;090114;1;2;1;3;1;9;10;11;9;8;7;10;3;3;0;0;0;0;0;0;0;6;5;0;0;0;0;0;0;0;0;0;0;0;0;0;0;0;0;0;0;0;0;0;17;0;0;47;51;13;5;0;0;0;0;0;9242;17472;1692;33;92
07;0701;070102;1;8;2;15;3;0;0;11;11;0;0;0;0;0;0;0;0;0;0;0;0;0;0;0;0;0;0;0;0;0;0;0;0;0;0;0;0;0;0;0;0;0;0;12;12;0;0;23;23;4;1;0;0;2;0;0;3851;8391;1125;12;35
17;1701;170126;1;2;1;18;2;0;0;0;0;0;0;0;0;13;13;0;0;0;0;0;0;0;0;0;0;0;0;0;0;0;0;0;0;0;0;0;0;0;0;0;0;0;0;0;0;63;68;76;81;4;5;0;0;1;8;0;13705;29663;3535;17;62
17;1701;170123;1;5;1;1;1;36;31;30;17;0;0;0;0;21;15;0;0;34;14;0;0;30;27;25;14;0;0;0;0;0;0;0;0;12;13;12;12;0;0;0;0;0;0;67;56;0;0;267;199;28;0;13;0;0;10;36;60448;72864;5260;20;157
09;0901;090101;1;5;1;1;1;72;65;37;34;0;0;0;0;3;3;7;7;10;8;0;0;24;21;21;14;7;6;7;5;13;10;24;24;0;0;7;6;15;15;19;19;15;10;0;0;0;0;281;247;33;0;13;32;4;0;13;84140;90389;8559;21;209
17;1701;170156;2;6;2;1;1;0;0;0;0;0;0;0;0;0;0;0;0;0;0;146;146;0;0;0;0;0;0;0;0;0;0;0;0;0;0;0;0;0;0;0;0;0;0;0;0;0;0;146;146;2;0;0;0;0;0;0;50134;53436;300;0;1
09;0923;092350;1;1;5;18;2;8;8;2;2;7;7;2;2;0;0;0;0;0;0;0;0;0;0;0;0;0;0;0;0;0;0;0;0;0;0;0;0;0;0;0;0;0;0;0;0;0;0;19;19;5;0;0;0;0;0;1;634;6954;236;0;0
18;1801;180102;1;11;1;18;2;0;0;0;0;0;0;0;0;0;0;0;0;0;0;0;0;0;0;0;0;0;0;0;0;0;0;0;0;0;0;0;0;0;0;0;0;0;0;0;0;20;20;20;20;5;3;1;3;0;3;0;4085;7320;1032;3;34
01;0101;010101;1;1;5;17;3;0;0;0;0;0;0;0;0;2;2;0;0;0;0;0;0;0;0;0;0;0;0;0;0;0;0;0;0;0;0;0;0;0;0;0;0;0;0;0;0;15;15;17;17;1;0;0;0;0;0;0;326;6222;265;0;0
17;1701;170184;2;1;5;18;2;6;6;0;0;0;0;0;0;0;0;0;0;0;0;0;0;0;0;0;0;0;0;0;0;0;0;0;0;0;0;0;0;0;0;0;0;0;0;0;0;0;0;6;6;3;0;0;0;2;3;0;896;2196;506;0;0
11;1101;110104;1;2;1;18;2;0;0;0;0;0;0;0;0;0;0;0;0;0;0;0;0;0;0;0;0;0;0;0;0;0;0;0;0;0;0;0;0;0;0;0;0;0;0;0;0;16;16;16;16;3;5;0;1;1;2;0;3237;5856;917;12;23
17;1701;170127;1;2;1;17;3;0;0;0;0;0;0;0;0;0;0;0;0;0;0;0;0;0;0;0;0;0;0;0;0;0;0;0;0;0;0;0;0;0;0;0;0;0;0;0;0;86;86;86;86;20;8;2;0;0;7;19;15344;31476;5093;12;50
17;1701;170112;1;15;1;18;2;0;0;0;0;0;0;0;0;0;0;0;0;0;0;0;0;6;6;0;0;0;0;0;0;0;0;0;0;0;0;0;0;0;0;0;0;0;0;0;0;0;0;6;6;0;0;0;0;0;0;0;576;2196;570;0;0
17;1701;170127;1;12;3;18;2;0;0;0;0;6;6;0;0;2;2;0;0;0;0;0;0;0;0;0;0;0;0;0;0;0;0;0;0;0;0;0;0;0;0;0;0;0;0;0;0;0;0;8;8;0;0;0;0;0;0;0;24;2928;21;0;0
06;0601;060101;1;13;1;18;2;0;0;0;0;0;0;0;0;0;0;0;0;0;0;0;0;0;0;0;0;0;0;0;0;0;0;0;0;0;0;0;0;0;0;0;0;0;0;0;0;5;5;5;5;2;0;0;0;0;2;0;746;1464;473;1;0
01;0101;010107;1;8;2;15;3;0;0;37;35;0;0;22;22;0;0;0;0;0;0;0;0;0;0;0;0;0;0;0;0;0;0;0;0;0;0;0;0;0;0;36;31;0;0;0;0;0;0;95;88;8;8;0;0;0;0;0;14465;32083;3193;20;43
13;1301;130108;1;17;2;18;2;0;0;0;0;0;0;0;0;0;0;0;0;0;0;0;0;0;0;0;0;0;0;0;0;0;0;0;0;0;0;0;0;0;0;0;0;0;0;0;0;7;2;7;2;3;8;0;0;2;2;0;140;2597;58;0;0
10;1001;100150;1;12;3;18;2;0;0;0;0;0;0;0;0;0;0;0;0;0;0;0;0;0;0;0;0;0;0;0;0;0;0;0;0;0;0;0;0;0;0;0;0;0;0;0;0;16;16;16;16;4;2;0;0;0;0;0;1490;5856;810;4;5
17;1701;170110;1;6;2;18;2;0;0;0;0;0;0;0;0;0;0;0;0;0;0;174;166;0;0;0;0;0;0;0;0;0;0;0;0;0;0;0;0;0;0;0;0;0;0;48;56;0;0;222;222;0;0;0;0;0;0;0;72080;81221;716;6;101
01;0101;010111;1;2;1;18;2;0;0;0;0;0;0;0;0;10;10;0;0;0;0;0;0;0;0;0;0;0;0;0;0;0;0;0;0;0;0;0;0;0;0;0;0;0;0;0;0;36;36;46;46;6;6;5;2;0;3;0;8215;12458;2083;11;58
17;1701;170112;1;12;3;18;2;0;0;0;0;0;0;0;0;0;0;0;0;0;0;0;0;0;0;0;0;0;0;0;0;0;0;0;0;0;0;0;0;0;0;0;0;0;0;0;0;7;7;7;7;0;0;0;0;0;0;0;632;2928;397;0;0
23;2301;230105;1;32;1;18;2;0;0;2;2;3;2;0;0;0;0;0;0;0;0;0;0;0;0;0;0;0;0;0;0;0;0;0;0;0;0;0;0;0;0;0;0;0;0;0;0;0;0;5;4;0;0;0;0;0;0;0;278;1820;278;0;0
09;0901;090112;1;2;1;9;1;40;40;39;39;14;14;2;2;12;12;0;0;0;0;0;0;15;15;6;6;0;0;0;0;0;0;0;0;0;0;0;0;0;0;0;0;0;0;0;0;0;0;128;128;11;8;0;0;0;6;0;15217;47350;2245;27;134
17;1701;170117;1;2;1;18;2;0;0;0;0;0;0;0;0;10;10;0;0;0;0;0;0;0;0;0;0;0;0;0;0;0;0;0;0;0;0;0;0;0;0;0;0;0;0;15;16;12;12;37;38;8;7;0;0;0;6;5;7413;227829;1340;11;72
06;0601;060150;1;1;5;18;2;0;0;0;0;0;0;0;0;0;0;0;0;0;0;0;0;0;0;0;0;0;0;0;0;0;0;0;0;0;0;0;0;0;0;0;0;0;0;0;0;7;7;7;7;0;0;0;0;0;0;0;734;2562;399;0;2
04;0401;040102;1;12;3;18;2;3;3;2;2;0;0;0;0;1;1;0;0;0;0;0;0;0;0;0;0;0;0;0;0;0;0;0;0;0;0;0;0;0;0;0;0;0;0;0;0;2;2;8;8;1;0;0;0;0;1;0;420;2928;335;0;0
23;2301;230101;1;2;1;18;2;0;0;0;0;3;3;8;8;2;2;0;0;0;0;0;0;0;0;0;0;0;0;0;0;0;0;0;0;0;0;0;0;0;0;0;0;0;0;0;0;20;20;33;33;4;3;0;0;4;3;3;3043;12078;1038;9;12
17;1701;170127;1;12;3;18;2;48;48;6;6;15;15;6;6;0;0;0;0;0;0;0;0;0;0;0;0;0;0;0;0;0;0;0;0;0;0;0;0;0;0;0;0;0;0;0;0;0;0;75;75;0;0;0;0;0;0;0;8800;27450;2947;10;37
17;1701;170121;1;12;3;18;2;0;0;0;0;0;0;1;1;2;2;0;0;0;0;0;0;0;0;0;0;0;0;0;0;0;0;0;0;0;0;0;0;0;0;0;0;0;0;0;0;8;8;11;11;0;0;0;0;0;0;0;484;4026;214;2;1
09;0901;090111;1;2;1;18;2;0;0;12;12;1;1;1;1;2;2;1;1;0;0;0;0;0;0;2;2;0;0;0;0;1;1;1;1;0;0;0;0;0;0;0;0;0;0;0;0;25;25;46;46;3;14;0;20;0;8;16;8889;16836;1596;25;147
09;0924;092450;1;32;1;9;1;0;0;0;0;6;6;0;0;0;0;0;0;0;0;0;0;0;0;0;0;0;0;0;0;0;0;0;0;0;0;0;0;0;0;0;0;0;0;0;0;0;0;6;6;0;0;0;0;0;0;0;282;2196;253;0;0
06;0601;060101;1;8;2;15;3;11;11;12;12;0;0;0;0;0;0;0;0;0;0;0;0;0;0;0;0;0;0;0;0;0;0;0;0;0;0;0;0;0;0;8;8;0;0;0;0;0;0;31;31;0;3;0;0;0;0;0;4547;11315;824;8;40
